tract_id,county_fips,n_units,MBT,pct_share,n_buildings,avg_sq_ft,TIV_per_unit,TIV_total,peak_gust_mph
12071080203,12071,837,W1,0.52,435,1800.0,198000.0,86130000.0,152.7
12071080203,12071,837,MH,0.3,251,900.0,49500.0,12424500.0,152.7
12071080203,12071,837,M1,0.1,84,1600.0,192000.0,16128000.0,152.7
12071080203,12071,837,C1,0.05,42,2000.0,280000.0,11760000.0,152.7
12071080203,12071,837,S1,0.03,25,2200.0,341000.0,8525000.0,152.7
12071040110,12071,583,W1,0.52,303,1800.0,198000.0,59994000.0,150.2
12071040110,12071,583,MH,0.3,175,900.0,49500.0,8662500.0,150.2
12071040110,12071,583,M1,0.1,58,1600.0,192000.0,11136000.0,150.2
12071040110,12071,583,C1,0.05,29,2000.0,280000.0,8120000.0,150.2
12071040110,12071,583,S1,0.03,17,2200.0,341000.0,5797000.0,150.2
12071040124,12071,557,W1,0.52,290,1800.0,198000.0,57420000.0,144.8
12071040124,12071,557,MH,0.3,167,900.0,49500.0,8266500.0,144.8
12071040124,12071,557,M1,0.1,56,1600.0,192000.0,10752000.0,144.8
12071040124,12071,557,C1,0.05,28,2000.0,280000.0,7840000.0,144.8
12071040124,12071,557,S1,0.03,17,2200.0,341000.0,5797000.0,144.8
12071040311,12071,528,W1,0.52,275,1800.0,198000.0,54450000.0,139.8
12071040311,12071,528,MH,0.3,158,900.0,49500.0,7821000.0,139.8
12071040311,12071,528,M1,0.1,53,1600.0,192000.0,10176000.0,139.8
12071040311,12071,528,C1,0.05,26,2000.0,280000.0,7280000.0,139.8
12071040311,12071,528,S1,0.03,16,2200.0,341000.0,5456000.0,139.8
12071040205,12071,1296,W1,0.52,674,1800.0,198000.0,133452000.0,143.5
12071040205,12071,1296,MH,0.3,389,900.0,49500.0,19255500.0,143.5
12071040205,12071,1296,M1,0.1,130,1600.0,192000.0,24960000.0,143.5
12071040205,12071,1296,C1,0.05,65,2000.0,280000.0,18200000.0,143.5
12071040205,12071,1296,S1,0.03,39,2200.0,341000.0,13299000.0,143.5
12071040312,12071,549,W1,0.52,285,1800.0,198000.0,56430000.0,135.3
12071040312,12071,549,MH,0.3,165,900.0,49500.0,8167500.0,135.3
12071040312,12071,549,M1,0.1,55,1600.0,192000.0,10560000.0,135.3
12071040312,12071,549,C1,0.05,27,2000.0,280000.0,7560000.0,135.3
12071040312,12071,549,S1,0.03,16,2200.0,341000.0,5456000.0,135.3
12071040108,12071,492,W1,0.52,256,1800.0,198000.0,50688000.0,148.4
12071040108,12071,492,MH,0.3,148,900.0,49500.0,7326000.0,148.4
12071040108,12071,492,M1,0.1,49,1600.0,192000.0,9408000.0,148.4
12071040108,12071,492,C1,0.05,25,2000.0,280000.0,7000000.0,148.4
12071040108,12071,492,S1,0.03,15,2200.0,341000.0,5115000.0,148.4
12071050207,12071,249,W1,0.52,129,1800.0,198000.0,25542000.0,143.0
12071050207,12071,249,MH,0.3,75,900.0,49500.0,3712500.0,143.0
12071050207,12071,249,M1,0.1,25,1600.0,192000.0,4800000.0,143.0
12071050207,12071,249,C1,0.05,12,2000.0,280000.0,3360000.0,143.0
12071050207,12071,249,S1,0.03,7,2200.0,341000.0,2387000.0,143.0
12071050311,12071,1112,W1,0.52,578,1800.0,198000.0,114444000.0,133.7
12071050311,12071,1112,MH,0.3,334,900.0,49500.0,16533000.0,133.7
12071050311,12071,1112,M1,0.1,111,1600.0,192000.0,21312000.0,133.7
12071050311,12071,1112,C1,0.05,56,2000.0,280000.0,15680000.0,133.7
12071050311,12071,1112,S1,0.03,33,2200.0,341000.0,11253000.0,133.7
12071050103,12071,352,W1,0.52,183,1800.0,198000.0,36234000.0,144.6
12071050103,12071,352,MH,0.3,106,900.0,49500.0,5247000.0,144.6
12071050103,12071,352,M1,0.1,35,1600.0,192000.0,6720000.0,144.6
12071050103,12071,352,C1,0.05,18,2000.0,280000.0,5040000.0,144.6
12071050103,12071,352,S1,0.03,11,2200.0,341000.0,3751000.0,144.6
12071001706,12071,244,W1,0.52,127,1800.0,198000.0,25146000.0,148.2
12071001706,12071,244,MH,0.3,73,900.0,49500.0,3613500.0,148.2
12071001706,12071,244,M1,0.1,24,1600.0,192000.0,4608000.0,148.2
12071001706,12071,244,C1,0.05,12,2000.0,280000.0,3360000.0,148.2
12071001706,12071,244,S1,0.03,7,2200.0,341000.0,2387000.0,148.2
12071010203,12071,979,W1,0.52,509,1800.0,198000.0,100782000.0,148.2
12071010203,12071,979,MH,0.3,294,900.0,49500.0,14553000.0,148.2
12071010203,12071,979,M1,0.1,98,1600.0,192000.0,18816000.0,148.2
12071010203,12071,979,C1,0.05,49,2000.0,280000.0,13720000.0,148.2
12071010203,12071,979,S1,0.03,29,2200.0,341000.0,9889000.0,148.2
12071001910,12071,100,W1,0.52,52,1800.0,198000.0,10296000.0,148.5
12071001910,12071,100,MH,0.3,30,900.0,49500.0,1485000.0,148.5
12071001910,12071,100,M1,0.1,10,1600.0,192000.0,1920000.0,148.5
12071001910,12071,100,C1,0.05,5,2000.0,280000.0,1400000.0,148.5
12071001910,12071,100,S1,0.03,3,2200.0,341000.0,1023000.0,148.5
12071980000,12071,2053,W1,0.52,1068,1800.0,198000.0,211464000.0,143.1
12071980000,12071,2053,MH,0.3,616,900.0,49500.0,30492000.0,143.1
12071980000,12071,2053,M1,0.1,205,1600.0,192000.0,39360000.0,143.1
12071980000,12071,2053,C1,0.05,103,2000.0,280000.0,28840000.0,143.1
12071980000,12071,2053,S1,0.03,62,2200.0,341000.0,21142000.0,143.1
12071080300,12071,363,W1,0.52,189,1800.0,198000.0,37422000.0,151.2
12071080300,12071,363,MH,0.3,109,900.0,49500.0,5395500.0,151.2
12071080300,12071,363,M1,0.1,36,1600.0,192000.0,6912000.0,151.2
12071080300,12071,363,C1,0.05,18,2000.0,280000.0,5040000.0,151.2
12071080300,12071,363,S1,0.03,11,2200.0,341000.0,3751000.0,151.2
12071040301,12071,764,W1,0.52,397,1800.0,198000.0,78606000.0,142.9
12071040301,12071,764,MH,0.3,229,900.0,49500.0,11335500.0,142.9
12071040301,12071,764,M1,0.1,76,1600.0,192000.0,14592000.0,142.9
12071040301,12071,764,C1,0.05,38,2000.0,280000.0,10640000.0,142.9
12071040301,12071,764,S1,0.03,23,2200.0,341000.0,7843000.0,142.9
12071001920,12071,484,W1,0.52,252,1800.0,198000.0,49896000.0,149.2
12071001920,12071,484,MH,0.3,145,900.0,49500.0,7177500.0,149.2
12071001920,12071,484,M1,0.1,48,1600.0,192000.0,9216000.0,149.2
12071001920,12071,484,C1,0.05,24,2000.0,280000.0,6720000.0,149.2
12071001920,12071,484,S1,0.03,15,2200.0,341000.0,5115000.0,149.2
12071001711,12071,167,W1,0.52,87,1800.0,198000.0,17226000.0,149.6
12071001711,12071,167,MH,0.3,50,900.0,49500.0,2475000.0,149.6
12071001711,12071,167,M1,0.1,17,1600.0,192000.0,3264000.0,149.6
12071001711,12071,167,C1,0.05,8,2000.0,280000.0,2240000.0,149.6
12071001711,12071,167,S1,0.03,5,2200.0,341000.0,1705000.0,149.6
12071001205,12071,166,W1,0.52,86,1800.0,198000.0,17028000.0,151.2
12071001205,12071,166,MH,0.3,50,900.0,49500.0,2475000.0,151.2
12071001205,12071,166,M1,0.1,17,1600.0,192000.0,3264000.0,151.2
12071001205,12071,166,C1,0.05,8,2000.0,280000.0,2240000.0,151.2
12071001205,12071,166,S1,0.03,5,2200.0,341000.0,1705000.0,151.2
12071001204,12071,697,W1,0.52,362,1800.0,198000.0,71676000.0,151.2
12071001204,12071,697,MH,0.3,209,900.0,49500.0,10345500.0,151.2
12071001204,12071,697,M1,0.1,70,1600.0,192000.0,13440000.0,151.2
12071001204,12071,697,C1,0.05,35,2000.0,280000.0,9800000.0,151.2
12071001204,12071,697,S1,0.03,21,2200.0,341000.0,7161000.0,151.2
12071010422,12071,508,W1,0.52,264,1800.0,198000.0,52272000.0,154.9
12071010422,12071,508,MH,0.3,152,900.0,49500.0,7524000.0,154.9
12071010422,12071,508,M1,0.1,51,1600.0,192000.0,9792000.0,154.9
12071010422,12071,508,C1,0.05,25,2000.0,280000.0,7000000.0,154.9
12071010422,12071,508,S1,0.03,15,2200.0,341000.0,5115000.0,154.9
12071040211,12071,852,W1,0.52,443,1800.0,198000.0,87714000.0,140.8
12071040211,12071,852,MH,0.3,256,900.0,49500.0,12672000.0,140.8
12071040211,12071,852,M1,0.1,85,1600.0,192000.0,16320000.0,140.8
12071040211,12071,852,C1,0.05,43,2000.0,280000.0,12040000.0,140.8
12071040211,12071,852,S1,0.03,26,2200.0,341000.0,8866000.0,140.8
12071050321,12071,508,W1,0.52,264,1800.0,198000.0,52272000.0,136.8
12071050321,12071,508,MH,0.3,152,900.0,49500.0,7524000.0,136.8
12071050321,12071,508,M1,0.1,51,1600.0,192000.0,9792000.0,136.8
12071050321,12071,508,C1,0.05,25,2000.0,280000.0,7000000.0,136.8
12071050321,12071,508,S1,0.03,15,2200.0,341000.0,5115000.0,136.8
12071040315,12071,553,W1,0.52,288,1800.0,198000.0,57024000.0,138.4
12071040315,12071,553,MH,0.3,166,900.0,49500.0,8217000.0,138.4
12071040315,12071,553,M1,0.1,55,1600.0,192000.0,10560000.0,138.4
12071040315,12071,553,C1,0.05,28,2000.0,280000.0,7840000.0,138.4
12071040315,12071,553,S1,0.03,17,2200.0,341000.0,5797000.0,138.4
12071001206,12071,406,W1,0.52,211,1800.0,198000.0,41778000.0,149.5
12071001206,12071,406,MH,0.3,122,900.0,49500.0,6039000.0,149.5
12071001206,12071,406,M1,0.1,41,1600.0,192000.0,7872000.0,149.5
12071001206,12071,406,C1,0.05,20,2000.0,280000.0,5600000.0,149.5
12071001206,12071,406,S1,0.03,12,2200.0,341000.0,4092000.0,149.5
12071040316,12071,298,W1,0.52,155,1800.0,198000.0,30690000.0,139.6
12071040316,12071,298,MH,0.3,89,900.0,49500.0,4405500.0,139.6
12071040316,12071,298,M1,0.1,30,1600.0,192000.0,5760000.0,139.6
12071040316,12071,298,C1,0.05,15,2000.0,280000.0,4200000.0,139.6
12071040316,12071,298,S1,0.03,9,2200.0,341000.0,3069000.0,139.6
12071001921,12071,2074,W1,0.52,1078,1800.0,198000.0,213444000.0,147.9
12071001921,12071,2074,MH,0.3,622,900.0,49500.0,30789000.0,147.9
12071001921,12071,2074,M1,0.1,207,1600.0,192000.0,39744000.0,147.9
12071001921,12071,2074,C1,0.05,104,2000.0,280000.0,29120000.0,147.9
12071001921,12071,2074,S1,0.03,62,2200.0,341000.0,21142000.0,147.9
12071010503,12071,219,W1,0.52,114,1800.0,198000.0,22572000.0,150.7
12071010503,12071,219,MH,0.3,66,900.0,49500.0,3267000.0,150.7
12071010503,12071,219,M1,0.1,22,1600.0,192000.0,4224000.0,150.7
12071010503,12071,219,C1,0.05,11,2000.0,280000.0,3080000.0,150.7
12071010503,12071,219,S1,0.03,7,2200.0,341000.0,2387000.0,150.7
12071040139,12071,407,W1,0.52,212,1800.0,198000.0,41976000.0,139.3
12071040139,12071,407,MH,0.3,122,900.0,49500.0,6039000.0,139.3
12071040139,12071,407,M1,0.1,41,1600.0,192000.0,7872000.0,139.3
12071040139,12071,407,C1,0.05,20,2000.0,280000.0,5600000.0,139.3
12071040139,12071,407,S1,0.03,12,2200.0,341000.0,4092000.0,139.3
12071040133,12071,310,W1,0.52,161,1800.0,198000.0,31878000.0,146.2
12071040133,12071,310,MH,0.3,93,900.0,49500.0,4603500.0,146.2
12071040133,12071,310,M1,0.1,31,1600.0,192000.0,5952000.0,146.2
12071040133,12071,310,C1,0.05,16,2000.0,280000.0,4480000.0,146.2
12071040133,12071,310,S1,0.03,9,2200.0,341000.0,3069000.0,146.2
12071040128,12071,570,W1,0.52,296,1800.0,198000.0,58608000.0,148.0
12071040128,12071,570,MH,0.3,171,900.0,49500.0,8464500.0,148.0
12071040128,12071,570,M1,0.1,57,1600.0,192000.0,10944000.0,148.0
12071040128,12071,570,C1,0.05,28,2000.0,280000.0,7840000.0,148.0
12071040128,12071,570,S1,0.03,17,2200.0,341000.0,5797000.0,148.0
12071001709,12071,317,W1,0.52,165,1800.0,198000.0,32670000.0,150.2
12071001709,12071,317,MH,0.3,95,900.0,49500.0,4702500.0,150.2
12071001709,12071,317,M1,0.1,32,1600.0,192000.0,6144000.0,150.2
12071001709,12071,317,C1,0.05,16,2000.0,280000.0,4480000.0,150.2
12071001709,12071,317,S1,0.03,10,2200.0,341000.0,3410000.0,150.2
12071001209,12071,210,W1,0.52,109,1800.0,198000.0,21582000.0,150.7
12071001209,12071,210,MH,0.3,63,900.0,49500.0,3118500.0,150.7
12071001209,12071,210,M1,0.1,21,1600.0,192000.0,4032000.0,150.7
12071001209,12071,210,C1,0.05,10,2000.0,280000.0,2800000.0,150.7
12071001209,12071,210,S1,0.03,6,2200.0,341000.0,2046000.0,150.7
12071010106,12071,587,W1,0.52,305,1800.0,198000.0,60390000.0,155.5
12071010106,12071,587,MH,0.3,176,900.0,49500.0,8712000.0,155.5
12071010106,12071,587,M1,0.1,59,1600.0,192000.0,11328000.0,155.5
12071010106,12071,587,C1,0.05,29,2000.0,280000.0,8120000.0,155.5
12071010106,12071,587,S1,0.03,18,2200.0,341000.0,6138000.0,155.5
12071010209,12071,190,W1,0.52,99,1800.0,198000.0,19602000.0,143.7
12071010209,12071,190,MH,0.3,57,900.0,49500.0,2821500.0,143.7
12071010209,12071,190,M1,0.1,19,1600.0,192000.0,3648000.0,143.7
12071010209,12071,190,C1,0.05,10,2000.0,280000.0,2800000.0,143.7
12071010209,12071,190,S1,0.03,6,2200.0,341000.0,2046000.0,143.7
12071001922,12071,212,W1,0.52,110,1800.0,198000.0,21780000.0,149.2
12071001922,12071,212,MH,0.3,64,900.0,49500.0,3168000.0,149.2
12071001922,12071,212,M1,0.1,21,1600.0,192000.0,4032000.0,149.2
12071001922,12071,212,C1,0.05,11,2000.0,280000.0,3080000.0,149.2
12071001922,12071,212,S1,0.03,6,2200.0,341000.0,2046000.0,149.2
12071010415,12071,3139,W1,0.52,1632,1800.0,198000.0,323136000.0,154.6
12071010415,12071,3139,MH,0.3,942,900.0,49500.0,46629000.0,154.6
12071010415,12071,3139,M1,0.1,314,1600.0,192000.0,60288000.0,154.6
12071010415,12071,3139,C1,0.05,157,2000.0,280000.0,43960000.0,154.6
12071010415,12071,3139,S1,0.03,94,2200.0,341000.0,32054000.0,154.6
12071020301,12071,402,W1,0.52,209,1800.0,198000.0,41382000.0,151.4
12071020301,12071,402,MH,0.3,121,900.0,49500.0,5989500.0,151.4
12071020301,12071,402,M1,0.1,40,1600.0,192000.0,7680000.0,151.4
12071020301,12071,402,C1,0.05,20,2000.0,280000.0,5600000.0,151.4
12071020301,12071,402,S1,0.03,12,2200.0,341000.0,4092000.0,151.4
12071070202,12071,8849,W1,0.52,4601,1800.0,198000.0,910998000.0,141.8
12071070202,12071,8849,MH,0.3,2655,900.0,49500.0,131422500.0,141.8
12071070202,12071,8849,M1,0.1,885,1600.0,192000.0,169920000.0,141.8
12071070202,12071,8849,C1,0.05,442,2000.0,280000.0,123760000.0,141.8
12071070202,12071,8849,S1,0.03,265,2200.0,341000.0,90365000.0,141.8
12071050324,12071,536,W1,0.52,279,1800.0,198000.0,55242000.0,119.7
12071050324,12071,536,MH,0.3,161,900.0,49500.0,7969500.0,119.7
12071050324,12071,536,M1,0.1,54,1600.0,192000.0,10368000.0,119.7
12071050324,12071,536,C1,0.05,27,2000.0,280000.0,7560000.0,119.7
12071050324,12071,536,S1,0.03,16,2200.0,341000.0,5456000.0,119.7
12071001207,12071,423,W1,0.52,220,1800.0,198000.0,43560000.0,150.2
12071001207,12071,423,MH,0.3,127,900.0,49500.0,6286500.0,150.2
12071001207,12071,423,M1,0.1,42,1600.0,192000.0,8064000.0,150.2
12071001207,12071,423,C1,0.05,21,2000.0,280000.0,5880000.0,150.2
12071001207,12071,423,S1,0.03,13,2200.0,341000.0,4433000.0,150.2
12071010416,12071,308,W1,0.52,160,1800.0,198000.0,31680000.0,154.7
12071010416,12071,308,MH,0.3,92,900.0,49500.0,4554000.0,154.7
12071010416,12071,308,M1,0.1,31,1600.0,192000.0,5952000.0,154.7
12071010416,12071,308,C1,0.05,15,2000.0,280000.0,4200000.0,154.7
12071010416,12071,308,S1,0.03,9,2200.0,341000.0,3069000.0,154.7
12071010414,12071,197,W1,0.52,102,1800.0,198000.0,20196000.0,150.9
12071010414,12071,197,MH,0.3,59,900.0,49500.0,2920500.0,150.9
12071010414,12071,197,M1,0.1,20,1600.0,192000.0,3840000.0,150.9
12071010414,12071,197,C1,0.05,10,2000.0,280000.0,2800000.0,150.9
12071010414,12071,197,S1,0.03,6,2200.0,341000.0,2046000.0,150.9
12071010207,12071,803,W1,0.52,418,1800.0,198000.0,82764000.0,149.5
12071010207,12071,803,MH,0.3,241,900.0,49500.0,11929500.0,149.5
12071010207,12071,803,M1,0.1,80,1600.0,192000.0,15360000.0,149.5
12071010207,12071,803,C1,0.05,40,2000.0,280000.0,11200000.0,149.5
12071010207,12071,803,S1,0.03,24,2200.0,341000.0,8184000.0,149.5
12071070201,12071,2634,W1,0.52,1370,1800.0,198000.0,271260000.0,152.8
12071070201,12071,2634,MH,0.3,790,900.0,49500.0,39105000.0,152.8
12071070201,12071,2634,M1,0.1,263,1600.0,192000.0,50496000.0,152.8
12071070201,12071,2634,C1,0.05,132,2000.0,280000.0,36960000.0,152.8
12071070201,12071,2634,S1,0.03,79,2200.0,341000.0,26939000.0,152.8
12071020302,12071,295,W1,0.52,153,1800.0,198000.0,30294000.0,149.6
12071020302,12071,295,MH,0.3,88,900.0,49500.0,4356000.0,149.6
12071020302,12071,295,M1,0.1,30,1600.0,192000.0,5760000.0,149.6
12071020302,12071,295,C1,0.05,15,2000.0,280000.0,4200000.0,149.6
12071020302,12071,295,S1,0.03,9,2200.0,341000.0,3069000.0,149.6
12071030205,12071,974,W1,0.52,506,1800.0,198000.0,100188000.0,141.9
12071030205,12071,974,MH,0.3,292,900.0,49500.0,14454000.0,141.9
12071030205,12071,974,M1,0.1,97,1600.0,192000.0,18624000.0,141.9
12071030205,12071,974,C1,0.05,49,2000.0,280000.0,13720000.0,141.9
12071030205,12071,974,S1,0.03,29,2200.0,341000.0,9889000.0,141.9
12071010112,12071,270,W1,0.52,140,1800.0,198000.0,27720000.0,146.3
12071010112,12071,270,MH,0.3,81,900.0,49500.0,4009500.0,146.3
12071010112,12071,270,M1,0.1,27,1600.0,192000.0,5184000.0,146.3
12071010112,12071,270,C1,0.05,14,2000.0,280000.0,3920000.0,146.3
12071010112,12071,270,S1,0.03,8,2200.0,341000.0,2728000.0,146.3
12071010113,12071,5264,W1,0.52,2737,1800.0,198000.0,541926000.0,153.0
12071010113,12071,5264,MH,0.3,1579,900.0,49500.0,78160500.0,153.0
12071010113,12071,5264,M1,0.1,526,1600.0,192000.0,100992000.0,153.0
12071010113,12071,5264,C1,0.05,263,2000.0,280000.0,73640000.0,153.0
12071010113,12071,5264,S1,0.03,158,2200.0,341000.0,53878000.0,153.0
12071010108,12071,791,W1,0.52,411,1800.0,198000.0,81378000.0,155.4
12071010108,12071,791,MH,0.3,237,900.0,49500.0,11731500.0,155.4
12071010108,12071,791,M1,0.1,79,1600.0,192000.0,15168000.0,155.4
12071010108,12071,791,C1,0.05,40,2000.0,280000.0,11200000.0,155.4
12071010108,12071,791,S1,0.03,24,2200.0,341000.0,8184000.0,155.4
12071050211,12071,164,W1,0.52,85,1800.0,198000.0,16830000.0,139.4
12071050211,12071,164,MH,0.3,49,900.0,49500.0,2425500.0,139.4
12071050211,12071,164,M1,0.1,16,1600.0,192000.0,3072000.0,139.4
12071050211,12071,164,C1,0.05,8,2000.0,280000.0,2240000.0,139.4
12071050211,12071,164,S1,0.03,5,2200.0,341000.0,1705000.0,139.4
12071050603,12071,238,W1,0.52,124,1800.0,198000.0,24552000.0,129.0
12071050603,12071,238,MH,0.3,71,900.0,49500.0,3514500.0,129.0
12071050603,12071,238,M1,0.1,24,1600.0,192000.0,4608000.0,129.0
12071050603,12071,238,C1,0.05,12,2000.0,280000.0,3360000.0,129.0
12071050603,12071,238,S1,0.03,7,2200.0,341000.0,2387000.0,129.0
12071050402,12071,334,W1,0.52,174,1800.0,198000.0,34452000.0,127.6
12071050402,12071,334,MH,0.3,100,900.0,49500.0,4950000.0,127.6
12071050402,12071,334,M1,0.1,33,1600.0,192000.0,6336000.0,127.6
12071050402,12071,334,C1,0.05,17,2000.0,280000.0,4760000.0,127.6
12071050402,12071,334,S1,0.03,10,2200.0,341000.0,3410000.0,127.6
12071050604,12071,256,W1,0.52,133,1800.0,198000.0,26334000.0,126.7
12071050604,12071,256,MH,0.3,77,900.0,49500.0,3811500.0,126.7
12071050604,12071,256,M1,0.1,26,1600.0,192000.0,4992000.0,126.7
12071050604,12071,256,C1,0.05,13,2000.0,280000.0,3640000.0,126.7
12071050604,12071,256,S1,0.03,8,2200.0,341000.0,2728000.0,126.7
12071050401,12071,340,W1,0.52,177,1800.0,198000.0,35046000.0,127.2
12071050401,12071,340,MH,0.3,102,900.0,49500.0,5049000.0,127.2
12071050401,12071,340,M1,0.1,34,1600.0,192000.0,6528000.0,127.2
12071050401,12071,340,C1,0.05,17,2000.0,280000.0,4760000.0,127.2
12071050401,12071,340,S1,0.03,10,2200.0,341000.0,3410000.0,127.2
12071040212,12071,1174,W1,0.52,610,1800.0,198000.0,120780000.0,141.9
12071040212,12071,1174,MH,0.3,352,900.0,49500.0,17424000.0,141.9
12071040212,12071,1174,M1,0.1,117,1600.0,192000.0,22464000.0,141.9
12071040212,12071,1174,C1,0.05,59,2000.0,280000.0,16520000.0,141.9
12071040212,12071,1174,S1,0.03,35,2200.0,341000.0,11935000.0,141.9
12071050315,12071,336,W1,0.52,175,1800.0,198000.0,34650000.0,133.6
12071050315,12071,336,MH,0.3,101,900.0,49500.0,4999500.0,133.6
12071050315,12071,336,M1,0.1,34,1600.0,192000.0,6528000.0,133.6
12071050315,12071,336,C1,0.05,17,2000.0,280000.0,4760000.0,133.6
12071050315,12071,336,S1,0.03,10,2200.0,341000.0,3410000.0,133.6
12071050318,12071,906,W1,0.52,471,1800.0,198000.0,93258000.0,131.6
12071050318,12071,906,MH,0.3,272,900.0,49500.0,13464000.0,131.6
12071050318,12071,906,M1,0.1,91,1600.0,192000.0,17472000.0,131.6
12071050318,12071,906,C1,0.05,45,2000.0,280000.0,12600000.0,131.6
12071050318,12071,906,S1,0.03,27,2200.0,341000.0,9207000.0,131.6
12071050320,12071,485,W1,0.52,252,1800.0,198000.0,49896000.0,139.3
12071050320,12071,485,MH,0.3,146,900.0,49500.0,7227000.0,139.3
12071050320,12071,485,M1,0.1,48,1600.0,192000.0,9216000.0,139.3
12071050320,12071,485,C1,0.05,24,2000.0,280000.0,6720000.0,139.3
12071050320,12071,485,S1,0.03,15,2200.0,341000.0,5115000.0,139.3
12071010418,12071,338,W1,0.52,176,1800.0,198000.0,34848000.0,153.8
12071010418,12071,338,MH,0.3,101,900.0,49500.0,4999500.0,153.8
12071010418,12071,338,M1,0.1,34,1600.0,192000.0,6528000.0,153.8
12071010418,12071,338,C1,0.05,17,2000.0,280000.0,4760000.0,153.8
12071010418,12071,338,S1,0.03,10,2200.0,341000.0,3410000.0,153.8
12071020103,12071,658,W1,0.52,342,1800.0,198000.0,67716000.0,146.6
12071020103,12071,658,MH,0.3,197,900.0,49500.0,9751500.0,146.6
12071020103,12071,658,M1,0.1,66,1600.0,192000.0,12672000.0,146.6
12071020103,12071,658,C1,0.05,33,2000.0,280000.0,9240000.0,146.6
12071020103,12071,658,S1,0.03,20,2200.0,341000.0,6820000.0,146.6
12071010110,12071,3947,W1,0.52,2052,1800.0,198000.0,406296000.0,156.0
12071010110,12071,3947,MH,0.3,1184,900.0,49500.0,58608000.0,156.0
12071010110,12071,3947,M1,0.1,395,1600.0,192000.0,75840000.0,156.0
12071010110,12071,3947,C1,0.05,197,2000.0,280000.0,55160000.0,156.0
12071010110,12071,3947,S1,0.03,118,2200.0,341000.0,40238000.0,156.0
12071010111,12071,921,W1,0.52,479,1800.0,198000.0,94842000.0,155.3
12071010111,12071,921,MH,0.3,276,900.0,49500.0,13662000.0,155.3
12071010111,12071,921,M1,0.1,92,1600.0,192000.0,17664000.0,155.3
12071010111,12071,921,C1,0.05,46,2000.0,280000.0,12880000.0,155.3
12071010111,12071,921,S1,0.03,28,2200.0,341000.0,9548000.0,155.3
12071040138,12071,17303,W1,0.52,8998,1800.0,198000.0,1781604000.0,136.2
12071040138,12071,17303,MH,0.3,5191,900.0,49500.0,256954500.0,136.2
12071040138,12071,17303,M1,0.1,1730,1600.0,192000.0,332160000.0,136.2
12071040138,12071,17303,C1,0.05,865,2000.0,280000.0,242200000.0,136.2
12071040138,12071,17303,S1,0.03,519,2200.0,341000.0,176979000.0,136.2
12071050317,12071,333,W1,0.52,173,1800.0,198000.0,34254000.0,131.2
12071050317,12071,333,MH,0.3,100,900.0,49500.0,4950000.0,131.2
12071050317,12071,333,M1,0.1,33,1600.0,192000.0,6336000.0,131.2
12071050317,12071,333,C1,0.05,17,2000.0,280000.0,4760000.0,131.2
12071050317,12071,333,S1,0.03,10,2200.0,341000.0,3410000.0,131.2
12071050502,12071,587,W1,0.52,305,1800.0,198000.0,60390000.0,123.3
12071050502,12071,587,MH,0.3,176,900.0,49500.0,8712000.0,123.3
12071050502,12071,587,M1,0.1,59,1600.0,192000.0,11328000.0,123.3
12071050502,12071,587,C1,0.05,29,2000.0,280000.0,8120000.0,123.3
12071050502,12071,587,S1,0.03,18,2200.0,341000.0,6138000.0,123.3
12071050501,12071,205,W1,0.52,107,1800.0,198000.0,21186000.0,125.4
12071050501,12071,205,MH,0.3,62,900.0,49500.0,3069000.0,125.4
12071050501,12071,205,M1,0.1,20,1600.0,192000.0,3840000.0,125.4
12071050501,12071,205,C1,0.05,10,2000.0,280000.0,2800000.0,125.4
12071050501,12071,205,S1,0.03,6,2200.0,341000.0,2046000.0,125.4
12071050213,12071,279,W1,0.52,145,1800.0,198000.0,28710000.0,141.2
12071050213,12071,279,MH,0.3,84,900.0,49500.0,4158000.0,141.2
12071050213,12071,279,M1,0.1,28,1600.0,192000.0,5376000.0,141.2
12071050213,12071,279,C1,0.05,14,2000.0,280000.0,3920000.0,141.2
12071050213,12071,279,S1,0.03,8,2200.0,341000.0,2728000.0,141.2
12071010420,12071,864,W1,0.52,449,1800.0,198000.0,88902000.0,155.3
12071010420,12071,864,MH,0.3,259,900.0,49500.0,12820500.0,155.3
12071010420,12071,864,M1,0.1,86,1600.0,192000.0,16512000.0,155.3
12071010420,12071,864,C1,0.05,43,2000.0,280000.0,12040000.0,155.3
12071010420,12071,864,S1,0.03,26,2200.0,341000.0,8866000.0,155.3
12071040135,12071,649,W1,0.52,337,1800.0,198000.0,66726000.0,148.8
12071040135,12071,649,MH,0.3,195,900.0,49500.0,9652500.0,148.8
12071040135,12071,649,M1,0.1,65,1600.0,192000.0,12480000.0,148.8
12071040135,12071,649,C1,0.05,32,2000.0,280000.0,8960000.0,148.8
12071040135,12071,649,S1,0.03,19,2200.0,341000.0,6479000.0,148.8
12071040130,12071,364,W1,0.52,189,1800.0,198000.0,37422000.0,145.3
12071040130,12071,364,MH,0.3,109,900.0,49500.0,5395500.0,145.3
12071040130,12071,364,M1,0.1,36,1600.0,192000.0,6912000.0,145.3
12071040130,12071,364,C1,0.05,18,2000.0,280000.0,5040000.0,145.3
12071040130,12071,364,S1,0.03,11,2200.0,341000.0,3751000.0,145.3
12071001917,12071,294,W1,0.52,153,1800.0,198000.0,30294000.0,147.3
12071001917,12071,294,MH,0.3,88,900.0,49500.0,4356000.0,147.3
12071001917,12071,294,M1,0.1,29,1600.0,192000.0,5568000.0,147.3
12071001917,12071,294,C1,0.05,15,2000.0,280000.0,4200000.0,147.3
12071001917,12071,294,S1,0.03,9,2200.0,341000.0,3069000.0,147.3
12071010421,12071,511,W1,0.52,266,1800.0,198000.0,52668000.0,154.3
12071010421,12071,511,MH,0.3,153,900.0,49500.0,7573500.0,154.3
12071010421,12071,511,M1,0.1,51,1600.0,192000.0,9792000.0,154.3
12071010421,12071,511,C1,0.05,26,2000.0,280000.0,7280000.0,154.3
12071010421,12071,511,S1,0.03,15,2200.0,341000.0,5115000.0,154.3
12071050322,12071,422,W1,0.52,219,1800.0,198000.0,43362000.0,135.2
12071050322,12071,422,MH,0.3,127,900.0,49500.0,6286500.0,135.2
12071050322,12071,422,M1,0.1,42,1600.0,192000.0,8064000.0,135.2
12071050322,12071,422,C1,0.05,21,2000.0,280000.0,5880000.0,135.2
12071050322,12071,422,S1,0.03,13,2200.0,341000.0,4433000.0,135.2
12071010417,12071,278,W1,0.52,145,1800.0,198000.0,28710000.0,153.4
12071010417,12071,278,MH,0.3,83,900.0,49500.0,4108500.0,153.4
12071010417,12071,278,M1,0.1,28,1600.0,192000.0,5376000.0,153.4
12071010417,12071,278,C1,0.05,14,2000.0,280000.0,3920000.0,153.4
12071010417,12071,278,S1,0.03,8,2200.0,341000.0,2728000.0,153.4
12071010419,12071,464,W1,0.52,241,1800.0,198000.0,47718000.0,154.4
12071010419,12071,464,MH,0.3,139,900.0,49500.0,6880500.0,154.4
12071010419,12071,464,M1,0.1,46,1600.0,192000.0,8832000.0,154.4
12071010419,12071,464,C1,0.05,23,2000.0,280000.0,6440000.0,154.4
12071010419,12071,464,S1,0.03,14,2200.0,341000.0,4774000.0,154.4
12071050212,12071,199,W1,0.52,103,1800.0,198000.0,20394000.0,143.0
12071050212,12071,199,MH,0.3,60,900.0,49500.0,2970000.0,143.0
12071050212,12071,199,M1,0.1,20,1600.0,192000.0,3840000.0,143.0
12071050212,12071,199,C1,0.05,10,2000.0,280000.0,2800000.0,143.0
12071050212,12071,199,S1,0.03,6,2200.0,341000.0,2046000.0,143.0
12071050319,12071,1190,W1,0.52,619,1800.0,198000.0,122562000.0,141.0
12071050319,12071,1190,MH,0.3,357,900.0,49500.0,17671500.0,141.0
12071050319,12071,1190,M1,0.1,119,1600.0,192000.0,22848000.0,141.0
12071050319,12071,1190,C1,0.05,60,2000.0,280000.0,16800000.0,141.0
12071050319,12071,1190,S1,0.03,36,2200.0,341000.0,12276000.0,141.0
12071050210,12071,288,W1,0.52,150,1800.0,198000.0,29700000.0,139.4
12071050210,12071,288,MH,0.3,86,900.0,49500.0,4257000.0,139.4
12071050210,12071,288,M1,0.1,29,1600.0,192000.0,5568000.0,139.4
12071050210,12071,288,C1,0.05,14,2000.0,280000.0,3920000.0,139.4
12071050210,12071,288,S1,0.03,9,2200.0,341000.0,3069000.0,139.4
12071010107,12071,411,W1,0.52,214,1800.0,198000.0,42372000.0,154.3
12071010107,12071,411,MH,0.3,123,900.0,49500.0,6088500.0,154.3
12071010107,12071,411,M1,0.1,41,1600.0,192000.0,7872000.0,154.3
12071010107,12071,411,C1,0.05,21,2000.0,280000.0,5880000.0,154.3
12071010107,12071,411,S1,0.03,12,2200.0,341000.0,4092000.0,154.3
12071010423,12071,2011,W1,0.52,1046,1800.0,198000.0,207108000.0,155.1
12071010423,12071,2011,MH,0.3,603,900.0,49500.0,29848500.0,155.1
12071010423,12071,2011,M1,0.1,201,1600.0,192000.0,38592000.0,155.1
12071010423,12071,2011,C1,0.05,101,2000.0,280000.0,28280000.0,155.1
12071010423,12071,2011,S1,0.03,60,2200.0,341000.0,20460000.0,155.1
12071050325,12071,450,W1,0.52,234,1800.0,198000.0,46332000.0,116.2
12071050325,12071,450,MH,0.3,135,900.0,49500.0,6682500.0,116.2
12071050325,12071,450,M1,0.1,45,1600.0,192000.0,8640000.0,116.2
12071050325,12071,450,C1,0.05,22,2000.0,280000.0,6160000.0,116.2
12071050325,12071,450,S1,0.03,14,2200.0,341000.0,4774000.0,116.2
12071001708,12071,176,W1,0.52,92,1800.0,198000.0,18216000.0,150.3
12071001708,12071,176,MH,0.3,53,900.0,49500.0,2623500.0,150.3
12071001708,12071,176,M1,0.1,18,1600.0,192000.0,3456000.0,150.3
12071001708,12071,176,C1,0.05,9,2000.0,280000.0,2520000.0,150.3
12071001708,12071,176,S1,0.03,5,2200.0,341000.0,1705000.0,150.3
12071010309,12071,517,W1,0.52,269,1800.0,198000.0,53262000.0,146.2
12071010309,12071,517,MH,0.3,155,900.0,49500.0,7672500.0,146.2
12071010309,12071,517,M1,0.1,52,1600.0,192000.0,9984000.0,146.2
12071010309,12071,517,C1,0.05,26,2000.0,280000.0,7280000.0,146.2
12071010309,12071,517,S1,0.03,16,2200.0,341000.0,5456000.0,146.2
12071010109,12071,752,W1,0.52,391,1800.0,198000.0,77418000.0,155.8
12071010109,12071,752,MH,0.3,226,900.0,49500.0,11187000.0,155.8
12071010109,12071,752,M1,0.1,75,1600.0,192000.0,14400000.0,155.8
12071010109,12071,752,C1,0.05,38,2000.0,280000.0,10640000.0,155.8
12071010109,12071,752,S1,0.03,23,2200.0,341000.0,7843000.0,155.8
12071001001,12071,203,W1,0.52,106,1800.0,198000.0,20988000.0,150.0
12071001001,12071,203,MH,0.3,61,900.0,49500.0,3019500.0,150.0
12071001001,12071,203,M1,0.1,20,1600.0,192000.0,3840000.0,150.0
12071001001,12071,203,C1,0.05,10,2000.0,280000.0,2800000.0,150.0
12071001001,12071,203,S1,0.03,6,2200.0,341000.0,2046000.0,150.0
12071020801,12071,214,W1,0.52,111,1800.0,198000.0,21978000.0,145.5
12071020801,12071,214,MH,0.3,64,900.0,49500.0,3168000.0,145.5
12071020801,12071,214,M1,0.1,21,1600.0,192000.0,4032000.0,145.5
12071020801,12071,214,C1,0.05,11,2000.0,280000.0,3080000.0,145.5
12071020801,12071,214,S1,0.03,6,2200.0,341000.0,2046000.0,145.5
12071001710,12071,122,W1,0.52,63,1800.0,198000.0,12474000.0,149.7
12071001710,12071,122,MH,0.3,37,900.0,49500.0,1831500.0,149.7
12071001710,12071,122,M1,0.1,12,1600.0,192000.0,2304000.0,149.7
12071001710,12071,122,C1,0.05,6,2000.0,280000.0,1680000.0,149.7
12071001710,12071,122,S1,0.03,4,2200.0,341000.0,1364000.0,149.7
12071000304,12071,354,W1,0.52,184,1800.0,198000.0,36432000.0,151.2
12071000304,12071,354,MH,0.3,106,900.0,49500.0,5247000.0,151.2
12071000304,12071,354,M1,0.1,35,1600.0,192000.0,6720000.0,151.2
12071000304,12071,354,C1,0.05,18,2000.0,280000.0,5040000.0,151.2
12071000304,12071,354,S1,0.03,11,2200.0,341000.0,3751000.0,151.2
12071001103,12071,104,W1,0.52,54,1800.0,198000.0,10692000.0,151.0
12071001103,12071,104,MH,0.3,31,900.0,49500.0,1534500.0,151.0
12071001103,12071,104,M1,0.1,10,1600.0,192000.0,1920000.0,151.0
12071001103,12071,104,C1,0.05,5,2000.0,280000.0,1400000.0,151.0
12071001103,12071,104,S1,0.03,3,2200.0,341000.0,1023000.0,151.0
12071001208,12071,664,W1,0.52,345,1800.0,198000.0,68310000.0,150.8
12071001208,12071,664,MH,0.3,199,900.0,49500.0,9850500.0,150.8
12071001208,12071,664,M1,0.1,66,1600.0,192000.0,12672000.0,150.8
12071001208,12071,664,C1,0.05,33,2000.0,280000.0,9240000.0,150.8
12071001208,12071,664,S1,0.03,20,2200.0,341000.0,6820000.0,150.8
12071001104,12071,105,W1,0.52,55,1800.0,198000.0,10890000.0,151.0
12071001104,12071,105,MH,0.3,32,900.0,49500.0,1584000.0,151.0
12071001104,12071,105,M1,0.1,10,1600.0,192000.0,1920000.0,151.0
12071001104,12071,105,C1,0.05,5,2000.0,280000.0,1400000.0,151.0
12071001104,12071,105,S1,0.03,3,2200.0,341000.0,1023000.0,151.0
12071001203,12071,399,W1,0.52,207,1800.0,198000.0,40986000.0,151.5
12071001203,12071,399,MH,0.3,120,900.0,49500.0,5940000.0,151.5
12071001203,12071,399,M1,0.1,40,1600.0,192000.0,7680000.0,151.5
12071001203,12071,399,C1,0.05,20,2000.0,280000.0,5600000.0,151.5
12071001203,12071,399,S1,0.03,12,2200.0,341000.0,4092000.0,151.5
12071010206,12071,879,W1,0.52,457,1800.0,198000.0,90486000.0,152.2
12071010206,12071,879,MH,0.3,264,900.0,49500.0,13068000.0,152.2
12071010206,12071,879,M1,0.1,88,1600.0,192000.0,16896000.0,152.2
12071010206,12071,879,C1,0.05,44,2000.0,280000.0,12320000.0,152.2
12071010206,12071,879,S1,0.03,26,2200.0,341000.0,8866000.0,152.2
12071001918,12071,155,W1,0.52,81,1800.0,198000.0,16038000.0,149.7
12071001918,12071,155,MH,0.3,46,900.0,49500.0,2277000.0,149.7
12071001918,12071,155,M1,0.1,16,1600.0,192000.0,3072000.0,149.7
12071001918,12071,155,C1,0.05,8,2000.0,280000.0,2240000.0,149.7
12071001918,12071,155,S1,0.03,5,2200.0,341000.0,1705000.0,149.7
12071010205,12071,661,W1,0.52,344,1800.0,198000.0,68112000.0,152.8
12071010205,12071,661,MH,0.3,198,900.0,49500.0,9801000.0,152.8
12071010205,12071,661,M1,0.1,66,1600.0,192000.0,12672000.0,152.8
12071010205,12071,661,C1,0.05,33,2000.0,280000.0,9240000.0,152.8
12071010205,12071,661,S1,0.03,20,2200.0,341000.0,6820000.0,152.8
12071000303,12071,631,W1,0.52,328,1800.0,198000.0,64944000.0,152.2
12071000303,12071,631,MH,0.3,189,900.0,49500.0,9355500.0,152.2
12071000303,12071,631,M1,0.1,63,1600.0,192000.0,12096000.0,152.2
12071000303,12071,631,C1,0.05,32,2000.0,280000.0,8960000.0,152.2
12071000303,12071,631,S1,0.03,19,2200.0,341000.0,6479000.0,152.2
12071000305,12071,143,W1,0.52,74,1800.0,198000.0,14652000.0,152.0
12071000305,12071,143,MH,0.3,43,900.0,49500.0,2128500.0,152.0
12071000305,12071,143,M1,0.1,14,1600.0,192000.0,2688000.0,152.0
12071000305,12071,143,C1,0.05,7,2000.0,280000.0,1960000.0,152.0
12071000305,12071,143,S1,0.03,4,2200.0,341000.0,1364000.0,152.0
12071010413,12071,306,W1,0.52,159,1800.0,198000.0,31482000.0,151.0
12071010413,12071,306,MH,0.3,92,900.0,49500.0,4554000.0,151.0
12071010413,12071,306,M1,0.1,31,1600.0,192000.0,5952000.0,151.0
12071010413,12071,306,C1,0.05,15,2000.0,280000.0,4200000.0,151.0
12071010413,12071,306,S1,0.03,9,2200.0,341000.0,3069000.0,151.0
12071010504,12071,106,W1,0.52,55,1800.0,198000.0,10890000.0,150.7
12071010504,12071,106,MH,0.3,32,900.0,49500.0,1584000.0,150.7
12071010504,12071,106,M1,0.1,11,1600.0,192000.0,2112000.0,150.7
12071010504,12071,106,C1,0.05,5,2000.0,280000.0,1400000.0,150.7
12071010504,12071,106,S1,0.03,3,2200.0,341000.0,1023000.0,150.7
12071040136,12071,380,W1,0.52,198,1800.0,198000.0,39204000.0,143.2
12071040136,12071,380,MH,0.3,114,900.0,49500.0,5643000.0,143.2
12071040136,12071,380,M1,0.1,38,1600.0,192000.0,7296000.0,143.2
12071040136,12071,380,C1,0.05,19,2000.0,280000.0,5320000.0,143.2
12071040136,12071,380,S1,0.03,11,2200.0,341000.0,3751000.0,143.2
12071010210,12071,487,W1,0.52,253,1800.0,198000.0,50094000.0,144.5
12071010210,12071,487,MH,0.3,146,900.0,49500.0,7227000.0,144.5
12071010210,12071,487,M1,0.1,49,1600.0,192000.0,9408000.0,144.5
12071010210,12071,487,C1,0.05,24,2000.0,280000.0,6720000.0,144.5
12071010210,12071,487,S1,0.03,15,2200.0,341000.0,5115000.0,144.5
12071010208,12071,589,W1,0.52,306,1800.0,198000.0,60588000.0,147.7
12071010208,12071,589,MH,0.3,177,900.0,49500.0,8761500.0,147.7
12071010208,12071,589,M1,0.1,59,1600.0,192000.0,11328000.0,147.7
12071010208,12071,589,C1,0.05,29,2000.0,280000.0,8120000.0,147.7
12071010208,12071,589,S1,0.03,18,2200.0,341000.0,6138000.0,147.7
12071000306,12071,134,W1,0.52,70,1800.0,198000.0,13860000.0,151.9
12071000306,12071,134,MH,0.3,40,900.0,49500.0,1980000.0,151.9
12071000306,12071,134,M1,0.1,13,1600.0,192000.0,2496000.0,151.9
12071000306,12071,134,C1,0.05,7,2000.0,280000.0,1960000.0,151.9
12071000306,12071,134,S1,0.03,4,2200.0,341000.0,1364000.0,151.9
12071040129,12071,313,W1,0.52,163,1800.0,198000.0,32274000.0,147.2
12071040129,12071,313,MH,0.3,94,900.0,49500.0,4653000.0,147.2
12071040129,12071,313,M1,0.1,31,1600.0,192000.0,5952000.0,147.2
12071040129,12071,313,C1,0.05,16,2000.0,280000.0,4480000.0,147.2
12071040129,12071,313,S1,0.03,9,2200.0,341000.0,3069000.0,147.2
12071010308,12071,345,W1,0.52,179,1800.0,198000.0,35442000.0,146.2
12071010308,12071,345,MH,0.3,104,900.0,49500.0,5148000.0,146.2
12071010308,12071,345,M1,0.1,34,1600.0,192000.0,6528000.0,146.2
12071010308,12071,345,C1,0.05,17,2000.0,280000.0,4760000.0,146.2
12071010308,12071,345,S1,0.03,10,2200.0,341000.0,3410000.0,146.2
12071001919,12071,187,W1,0.52,97,1800.0,198000.0,19206000.0,148.8
12071001919,12071,187,MH,0.3,56,900.0,49500.0,2772000.0,148.8
12071001919,12071,187,M1,0.1,19,1600.0,192000.0,3648000.0,148.8
12071001919,12071,187,C1,0.05,9,2000.0,280000.0,2520000.0,148.8
12071001919,12071,187,S1,0.03,6,2200.0,341000.0,2046000.0,148.8
12071001923,12071,395,W1,0.52,205,1800.0,198000.0,40590000.0,151.2
12071001923,12071,395,MH,0.3,118,900.0,49500.0,5841000.0,151.2
12071001923,12071,395,M1,0.1,40,1600.0,192000.0,7680000.0,151.2
12071001923,12071,395,C1,0.05,20,2000.0,280000.0,5600000.0,151.2
12071001923,12071,395,S1,0.03,12,2200.0,341000.0,4092000.0,151.2
12071001002,12071,165,W1,0.52,86,1800.0,198000.0,17028000.0,149.7
12071001002,12071,165,MH,0.3,50,900.0,49500.0,2475000.0,149.7
12071001002,12071,165,M1,0.1,16,1600.0,192000.0,3072000.0,149.7
12071001002,12071,165,C1,0.05,8,2000.0,280000.0,2240000.0,149.7
12071001002,12071,165,S1,0.03,5,2200.0,341000.0,1705000.0,149.7
12071020802,12071,323,W1,0.52,168,1800.0,198000.0,33264000.0,145.5
12071020802,12071,323,MH,0.3,97,900.0,49500.0,4801500.0,145.5
12071020802,12071,323,M1,0.1,32,1600.0,192000.0,6144000.0,145.5
12071020802,12071,323,C1,0.05,16,2000.0,280000.0,4480000.0,145.5
12071020802,12071,323,S1,0.03,10,2200.0,341000.0,3410000.0,145.5
12071050316,12071,599,W1,0.52,311,1800.0,198000.0,61578000.0,135.5
12071050316,12071,599,MH,0.3,180,900.0,49500.0,8910000.0,135.5
12071050316,12071,599,M1,0.1,60,1600.0,192000.0,11520000.0,135.5
12071050316,12071,599,C1,0.05,30,2000.0,280000.0,8400000.0,135.5
12071050316,12071,599,S1,0.03,18,2200.0,341000.0,6138000.0,135.5
12071040137,12071,519,W1,0.52,270,1800.0,198000.0,53460000.0,143.2
12071040137,12071,519,MH,0.3,156,900.0,49500.0,7722000.0,143.2
12071040137,12071,519,M1,0.1,52,1600.0,192000.0,9984000.0,143.2
12071040137,12071,519,C1,0.05,26,2000.0,280000.0,7280000.0,143.2
12071040137,12071,519,S1,0.03,16,2200.0,341000.0,5456000.0,143.2
12071040132,12071,269,W1,0.52,140,1800.0,198000.0,27720000.0,149.6
12071040132,12071,269,MH,0.3,81,900.0,49500.0,4009500.0,149.6
12071040132,12071,269,M1,0.1,27,1600.0,192000.0,5184000.0,149.6
12071040132,12071,269,C1,0.05,13,2000.0,280000.0,3640000.0,149.6
12071040132,12071,269,S1,0.03,8,2200.0,341000.0,2728000.0,149.6
12071001916,12071,277,W1,0.52,144,1800.0,198000.0,28512000.0,148.2
12071001916,12071,277,MH,0.3,83,900.0,49500.0,4108500.0,148.2
12071001916,12071,277,M1,0.1,28,1600.0,192000.0,5376000.0,148.2
12071001916,12071,277,C1,0.05,14,2000.0,280000.0,3920000.0,148.2
12071001916,12071,277,S1,0.03,8,2200.0,341000.0,2728000.0,148.2
12071050323,12071,173,W1,0.52,90,1800.0,198000.0,17820000.0,114.7
12071050323,12071,173,MH,0.3,52,900.0,49500.0,2574000.0,114.7
12071050323,12071,173,M1,0.1,17,1600.0,192000.0,3264000.0,114.7
12071050323,12071,173,C1,0.05,9,2000.0,280000.0,2520000.0,114.7
12071050323,12071,173,S1,0.03,5,2200.0,341000.0,1705000.0,114.7
12071020104,12071,579,W1,0.52,301,1800.0,198000.0,59598000.0,147.6
12071020104,12071,579,MH,0.3,174,900.0,49500.0,8613000.0,147.6
12071020104,12071,579,M1,0.1,58,1600.0,192000.0,11136000.0,147.6
12071020104,12071,579,C1,0.05,29,2000.0,280000.0,8120000.0,147.6
12071020104,12071,579,S1,0.03,17,2200.0,341000.0,5797000.0,147.6
12071040208,12071,1617,W1,0.52,841,1800.0,198000.0,166518000.0,143.9
12071040208,12071,1617,MH,0.3,485,900.0,49500.0,24007500.0,143.9
12071040208,12071,1617,M1,0.1,162,1600.0,192000.0,31104000.0,143.9
12071040208,12071,1617,C1,0.05,81,2000.0,280000.0,22680000.0,143.9
12071040208,12071,1617,S1,0.03,49,2200.0,341000.0,16709000.0,143.9
12071050208,12071,303,W1,0.52,158,1800.0,198000.0,31284000.0,144.6
12071050208,12071,303,MH,0.3,91,900.0,49500.0,4504500.0,144.6
12071050208,12071,303,M1,0.1,30,1600.0,192000.0,5760000.0,144.6
12071050208,12071,303,C1,0.05,15,2000.0,280000.0,4200000.0,144.6
12071050208,12071,303,S1,0.03,9,2200.0,341000.0,3069000.0,144.6
12071000504,12071,558,W1,0.52,290,1800.0,198000.0,57420000.0,151.9
12071000504,12071,558,MH,0.3,167,900.0,49500.0,8266500.0,151.9
12071000504,12071,558,M1,0.1,56,1600.0,192000.0,10752000.0,151.9
12071000504,12071,558,C1,0.05,28,2000.0,280000.0,7840000.0,151.9
12071000504,12071,558,S1,0.03,17,2200.0,341000.0,5797000.0,151.9
12071010602,12071,192,W1,0.52,100,1800.0,198000.0,19800000.0,150.3
12071010602,12071,192,MH,0.3,58,900.0,49500.0,2871000.0,150.3
12071010602,12071,192,M1,0.1,19,1600.0,192000.0,3648000.0,150.3
12071010602,12071,192,C1,0.05,10,2000.0,280000.0,2800000.0,150.3
12071010602,12071,192,S1,0.03,6,2200.0,341000.0,2046000.0,150.3
12071010801,12071,459,W1,0.52,239,1800.0,198000.0,47322000.0,151.8
12071010801,12071,459,MH,0.3,138,900.0,49500.0,6831000.0,151.8
12071010801,12071,459,M1,0.1,46,1600.0,192000.0,8832000.0,151.8
12071010801,12071,459,C1,0.05,23,2000.0,280000.0,6440000.0,151.8
12071010801,12071,459,S1,0.03,14,2200.0,341000.0,4774000.0,151.8
12071010802,12071,322,W1,0.52,167,1800.0,198000.0,33066000.0,150.3
12071010802,12071,322,MH,0.3,97,900.0,49500.0,4801500.0,150.3
12071010802,12071,322,M1,0.1,32,1600.0,192000.0,6144000.0,150.3
12071010802,12071,322,C1,0.05,16,2000.0,280000.0,4480000.0,150.3
12071010802,12071,322,S1,0.03,10,2200.0,341000.0,3410000.0,150.3
12071010803,12071,575,W1,0.52,299,1800.0,198000.0,59202000.0,149.8
12071010803,12071,575,MH,0.3,172,900.0,49500.0,8514000.0,149.8
12071010803,12071,575,M1,0.1,58,1600.0,192000.0,11136000.0,149.8
12071010803,12071,575,C1,0.05,29,2000.0,280000.0,8120000.0,149.8
12071010803,12071,575,S1,0.03,17,2200.0,341000.0,5797000.0,149.8
12071010104,12071,270,W1,0.52,140,1800.0,198000.0,27720000.0,156.2
12071010104,12071,270,MH,0.3,81,900.0,49500.0,4009500.0,156.2
12071010104,12071,270,M1,0.1,27,1600.0,192000.0,5184000.0,156.2
12071010104,12071,270,C1,0.05,14,2000.0,280000.0,3920000.0,156.2
12071010104,12071,270,S1,0.03,8,2200.0,341000.0,2728000.0,156.2
12071001300,12071,475,W1,0.52,247,1800.0,198000.0,48906000.0,150.9
12071001300,12071,475,MH,0.3,142,900.0,49500.0,7029000.0,150.9
12071001300,12071,475,M1,0.1,48,1600.0,192000.0,9216000.0,150.9
12071001300,12071,475,C1,0.05,24,2000.0,280000.0,6720000.0,150.9
12071001300,12071,475,S1,0.03,14,2200.0,341000.0,4774000.0,150.9
12071001501,12071,188,W1,0.52,98,1800.0,198000.0,19404000.0,149.2
12071001501,12071,188,MH,0.3,56,900.0,49500.0,2772000.0,149.2
12071001501,12071,188,M1,0.1,19,1600.0,192000.0,3648000.0,149.2
12071001501,12071,188,C1,0.05,9,2000.0,280000.0,2520000.0,149.2
12071001501,12071,188,S1,0.03,6,2200.0,341000.0,2046000.0,149.2
12071001601,12071,264,W1,0.52,137,1800.0,198000.0,27126000.0,150.6
12071001601,12071,264,MH,0.3,79,900.0,49500.0,3910500.0,150.6
12071001601,12071,264,M1,0.1,26,1600.0,192000.0,4992000.0,150.6
12071001601,12071,264,C1,0.05,13,2000.0,280000.0,3640000.0,150.6
12071001601,12071,264,S1,0.03,8,2200.0,341000.0,2728000.0,150.6
12071001602,12071,418,W1,0.52,217,1800.0,198000.0,42966000.0,150.1
12071001602,12071,418,MH,0.3,125,900.0,49500.0,6187500.0,150.1
12071001602,12071,418,M1,0.1,42,1600.0,192000.0,8064000.0,150.1
12071001602,12071,418,C1,0.05,21,2000.0,280000.0,5880000.0,150.1
12071001602,12071,418,S1,0.03,13,2200.0,341000.0,4433000.0,150.1
12071001701,12071,257,W1,0.52,134,1800.0,198000.0,26532000.0,149.2
12071001701,12071,257,MH,0.3,77,900.0,49500.0,3811500.0,149.2
12071001701,12071,257,M1,0.1,26,1600.0,192000.0,4992000.0,149.2
12071001701,12071,257,C1,0.05,13,2000.0,280000.0,3640000.0,149.2
12071001701,12071,257,S1,0.03,8,2200.0,341000.0,2728000.0,149.2
12071020102,12071,526,W1,0.52,274,1800.0,198000.0,54252000.0,149.6
12071020102,12071,526,MH,0.3,158,900.0,49500.0,7821000.0,149.6
12071020102,12071,526,M1,0.1,53,1600.0,192000.0,10176000.0,149.6
12071020102,12071,526,C1,0.05,26,2000.0,280000.0,7280000.0,149.6
12071020102,12071,526,S1,0.03,16,2200.0,341000.0,5456000.0,149.6
12071010306,12071,468,W1,0.52,243,1800.0,198000.0,48114000.0,151.0
12071010306,12071,468,MH,0.3,140,900.0,49500.0,6930000.0,151.0
12071010306,12071,468,M1,0.1,47,1600.0,192000.0,9024000.0,151.0
12071010306,12071,468,C1,0.05,23,2000.0,280000.0,6440000.0,151.0
12071010306,12071,468,S1,0.03,14,2200.0,341000.0,4774000.0,151.0
12071030300,12071,6950,W1,0.52,3614,1800.0,198000.0,715572000.0,144.4
12071030300,12071,6950,MH,0.3,2085,900.0,49500.0,103207500.0,144.4
12071030300,12071,6950,M1,0.1,695,1600.0,192000.0,133440000.0,144.4
12071030300,12071,6950,C1,0.05,348,2000.0,280000.0,97440000.0,144.4
12071030300,12071,6950,S1,0.03,208,2200.0,341000.0,70928000.0,144.4
12071000401,12071,373,W1,0.52,194,1800.0,198000.0,38412000.0,151.4
12071000401,12071,373,MH,0.3,112,900.0,49500.0,5544000.0,151.4
12071000401,12071,373,M1,0.1,37,1600.0,192000.0,7104000.0,151.4
12071000401,12071,373,C1,0.05,19,2000.0,280000.0,5320000.0,151.4
12071000401,12071,373,S1,0.03,11,2200.0,341000.0,3751000.0,151.4
12071020400,12071,1040,W1,0.52,541,1800.0,198000.0,107118000.0,152.4
12071020400,12071,1040,MH,0.3,312,900.0,49500.0,15444000.0,152.4
12071020400,12071,1040,M1,0.1,104,1600.0,192000.0,19968000.0,152.4
12071020400,12071,1040,C1,0.05,52,2000.0,280000.0,14560000.0,152.4
12071020400,12071,1040,S1,0.03,31,2200.0,341000.0,10571000.0,152.4
12071020501,12071,227,W1,0.52,118,1800.0,198000.0,23364000.0,149.2
12071020501,12071,227,MH,0.3,68,900.0,49500.0,3366000.0,149.2
12071020501,12071,227,M1,0.1,23,1600.0,192000.0,4416000.0,149.2
12071020501,12071,227,C1,0.05,11,2000.0,280000.0,3080000.0,149.2
12071020501,12071,227,S1,0.03,7,2200.0,341000.0,2387000.0,149.2
12071020502,12071,429,W1,0.52,223,1800.0,198000.0,44154000.0,151.3
12071020502,12071,429,MH,0.3,129,900.0,49500.0,6385500.0,151.3
12071020502,12071,429,M1,0.1,43,1600.0,192000.0,8256000.0,151.3
12071020502,12071,429,C1,0.05,21,2000.0,280000.0,5880000.0,151.3
12071020502,12071,429,S1,0.03,13,2200.0,341000.0,4433000.0,151.3
12071020600,12071,472,W1,0.52,245,1800.0,198000.0,48510000.0,145.7
12071020600,12071,472,MH,0.3,142,900.0,49500.0,7029000.0,145.7
12071020600,12071,472,M1,0.1,47,1600.0,192000.0,9024000.0,145.7
12071020600,12071,472,C1,0.05,24,2000.0,280000.0,6720000.0,145.7
12071020600,12071,472,S1,0.03,14,2200.0,341000.0,4774000.0,145.7
12071000402,12071,287,W1,0.52,149,1800.0,198000.0,29502000.0,151.4
12071000402,12071,287,MH,0.3,86,900.0,49500.0,4257000.0,151.4
12071000402,12071,287,M1,0.1,29,1600.0,192000.0,5568000.0,151.4
12071000402,12071,287,C1,0.05,14,2000.0,280000.0,3920000.0,151.4
12071000402,12071,287,S1,0.03,9,2200.0,341000.0,3069000.0,151.4
12071000502,12071,229,W1,0.52,119,1800.0,198000.0,23562000.0,151.8
12071000502,12071,229,MH,0.3,69,900.0,49500.0,3415500.0,151.8
12071000502,12071,229,M1,0.1,23,1600.0,192000.0,4416000.0,151.8
12071000502,12071,229,C1,0.05,11,2000.0,280000.0,3080000.0,151.8
12071000502,12071,229,S1,0.03,7,2200.0,341000.0,2387000.0,151.8
12071020700,12071,511,W1,0.52,266,1800.0,198000.0,52668000.0,145.7
12071020700,12071,511,MH,0.3,153,900.0,49500.0,7573500.0,145.7
12071020700,12071,511,M1,0.1,51,1600.0,192000.0,9792000.0,145.7
12071020700,12071,511,C1,0.05,26,2000.0,280000.0,7280000.0,145.7
12071020700,12071,511,S1,0.03,15,2200.0,341000.0,5115000.0,145.7
12071040302,12071,530,W1,0.52,276,1800.0,198000.0,54648000.0,142.4
12071040302,12071,530,MH,0.3,159,900.0,49500.0,7870500.0,142.4
12071040302,12071,530,M1,0.1,53,1600.0,192000.0,10176000.0,142.4
12071040302,12071,530,C1,0.05,26,2000.0,280000.0,7280000.0,142.4
12071040302,12071,530,S1,0.03,16,2200.0,341000.0,5456000.0,142.4
12071001705,12071,249,W1,0.52,129,1800.0,198000.0,25542000.0,149.6
12071001705,12071,249,MH,0.3,75,900.0,49500.0,3712500.0,149.6
12071001705,12071,249,M1,0.1,25,1600.0,192000.0,4800000.0,149.6
12071001705,12071,249,C1,0.05,12,2000.0,280000.0,3360000.0,149.6
12071001705,12071,249,S1,0.03,7,2200.0,341000.0,2387000.0,149.6
12071001801,12071,462,W1,0.52,240,1800.0,198000.0,47520000.0,149.2
12071001801,12071,462,MH,0.3,139,900.0,49500.0,6880500.0,149.2
12071001801,12071,462,M1,0.1,46,1600.0,192000.0,8832000.0,149.2
12071001801,12071,462,C1,0.05,23,2000.0,280000.0,6440000.0,149.2
12071001801,12071,462,S1,0.03,14,2200.0,341000.0,4774000.0,149.2
12071001802,12071,324,W1,0.52,168,1800.0,198000.0,33264000.0,148.2
12071001802,12071,324,MH,0.3,97,900.0,49500.0,4801500.0,148.2
12071001802,12071,324,M1,0.1,32,1600.0,192000.0,6144000.0,148.2
12071001802,12071,324,C1,0.05,16,2000.0,280000.0,4480000.0,148.2
12071001802,12071,324,S1,0.03,10,2200.0,341000.0,3410000.0,148.2
12071040303,12071,785,W1,0.52,408,1800.0,198000.0,80784000.0,141.0
12071040303,12071,785,MH,0.3,236,900.0,49500.0,11682000.0,141.0
12071040303,12071,785,M1,0.1,78,1600.0,192000.0,14976000.0,141.0
12071040303,12071,785,C1,0.05,39,2000.0,280000.0,10920000.0,141.0
12071040303,12071,785,S1,0.03,24,2200.0,341000.0,8184000.0,141.0
12071040304,12071,470,W1,0.52,244,1800.0,198000.0,48312000.0,142.0
12071040304,12071,470,MH,0.3,141,900.0,49500.0,6979500.0,142.0
12071040304,12071,470,M1,0.1,47,1600.0,192000.0,9024000.0,142.0
12071040304,12071,470,C1,0.05,24,2000.0,280000.0,6720000.0,142.0
12071040304,12071,470,S1,0.03,14,2200.0,341000.0,4774000.0,142.0
12071040305,12071,227,W1,0.52,118,1800.0,198000.0,23364000.0,141.0
12071040305,12071,227,MH,0.3,68,900.0,49500.0,3366000.0,141.0
12071040305,12071,227,M1,0.1,23,1600.0,192000.0,4416000.0,141.0
12071040305,12071,227,C1,0.05,11,2000.0,280000.0,3080000.0,141.0
12071040305,12071,227,S1,0.03,7,2200.0,341000.0,2387000.0,141.0
12071060101,12071,190,W1,0.52,99,1800.0,198000.0,19602000.0,148.4
12071060101,12071,190,MH,0.3,57,900.0,49500.0,2821500.0,148.4
12071060101,12071,190,M1,0.1,19,1600.0,192000.0,3648000.0,148.4
12071060101,12071,190,C1,0.05,10,2000.0,280000.0,2800000.0,148.4
12071060101,12071,190,S1,0.03,6,2200.0,341000.0,2046000.0,148.4
12071001502,12071,152,W1,0.52,79,1800.0,198000.0,15642000.0,150.3
12071001502,12071,152,MH,0.3,46,900.0,49500.0,2277000.0,150.3
12071001502,12071,152,M1,0.1,15,1600.0,192000.0,2880000.0,150.3
12071001502,12071,152,C1,0.05,8,2000.0,280000.0,2240000.0,150.3
12071001502,12071,152,S1,0.03,5,2200.0,341000.0,1705000.0,150.3
12071050305,12071,1117,W1,0.52,581,1800.0,198000.0,115038000.0,132.9
12071050305,12071,1117,MH,0.3,335,900.0,49500.0,16582500.0,132.9
12071050305,12071,1117,M1,0.1,112,1600.0,192000.0,21504000.0,132.9
12071050305,12071,1117,C1,0.05,56,2000.0,280000.0,15680000.0,132.9
12071050305,12071,1117,S1,0.03,34,2200.0,341000.0,11594000.0,132.9
12071040308,12071,1367,W1,0.52,711,1800.0,198000.0,140778000.0,131.8
12071040308,12071,1367,MH,0.3,410,900.0,49500.0,20295000.0,131.8
12071040308,12071,1367,M1,0.1,137,1600.0,192000.0,26304000.0,131.8
12071040308,12071,1367,C1,0.05,68,2000.0,280000.0,19040000.0,131.8
12071040308,12071,1367,S1,0.03,41,2200.0,341000.0,13981000.0,131.8
12071001903,12071,572,W1,0.52,297,1800.0,198000.0,58806000.0,147.5
12071001903,12071,572,MH,0.3,172,900.0,49500.0,8514000.0,147.5
12071001903,12071,572,M1,0.1,57,1600.0,192000.0,10944000.0,147.5
12071001903,12071,572,C1,0.05,29,2000.0,280000.0,8120000.0,147.5
12071001903,12071,572,S1,0.03,17,2200.0,341000.0,5797000.0,147.5
12071001908,12071,1315,W1,0.52,684,1800.0,198000.0,135432000.0,148.9
12071001908,12071,1315,MH,0.3,394,900.0,49500.0,19503000.0,148.9
12071001908,12071,1315,M1,0.1,132,1600.0,192000.0,25344000.0,148.9
12071001908,12071,1315,C1,0.05,66,2000.0,280000.0,18480000.0,148.9
12071001908,12071,1315,S1,0.03,39,2200.0,341000.0,13299000.0,148.9
12071000700,12071,171,W1,0.52,89,1800.0,198000.0,17622000.0,151.1
12071000700,12071,171,MH,0.3,51,900.0,49500.0,2524500.0,151.1
12071000700,12071,171,M1,0.1,17,1600.0,192000.0,3264000.0,151.1
12071000700,12071,171,C1,0.05,9,2000.0,280000.0,2520000.0,151.1
12071000700,12071,171,S1,0.03,5,2200.0,341000.0,1705000.0,151.1
12071090100,12071,2115,W1,0.52,1100,1800.0,198000.0,217800000.0,126.6
12071090100,12071,2115,MH,0.3,634,900.0,49500.0,31383000.0,126.6
12071090100,12071,2115,M1,0.1,212,1600.0,192000.0,40704000.0,126.6
12071090100,12071,2115,C1,0.05,106,2000.0,280000.0,29680000.0,126.6
12071090100,12071,2115,S1,0.03,63,2200.0,341000.0,21483000.0,126.6
12071050306,12071,400,W1,0.52,208,1800.0,198000.0,41184000.0,137.5
12071050306,12071,400,MH,0.3,120,900.0,49500.0,5940000.0,137.5
12071050306,12071,400,M1,0.1,40,1600.0,192000.0,7680000.0,137.5
12071050306,12071,400,C1,0.05,20,2000.0,280000.0,5600000.0,137.5
12071050306,12071,400,S1,0.03,12,2200.0,341000.0,4092000.0,137.5
12071000503,12071,244,W1,0.52,127,1800.0,198000.0,25146000.0,151.9
12071000503,12071,244,MH,0.3,73,900.0,49500.0,3613500.0,151.9
12071000503,12071,244,M1,0.1,24,1600.0,192000.0,4608000.0,151.9
12071000503,12071,244,C1,0.05,12,2000.0,280000.0,3360000.0,151.9
12071000503,12071,244,S1,0.03,7,2200.0,341000.0,2387000.0,151.9
12071010307,12071,461,W1,0.52,240,1800.0,198000.0,47520000.0,148.7
12071010307,12071,461,MH,0.3,138,900.0,49500.0,6831000.0,148.7
12071010307,12071,461,M1,0.1,46,1600.0,192000.0,8832000.0,148.7
12071010307,12071,461,C1,0.05,23,2000.0,280000.0,6440000.0,148.7
12071010307,12071,461,S1,0.03,14,2200.0,341000.0,4774000.0,148.7
12071010404,12071,709,W1,0.52,369,1800.0,198000.0,73062000.0,152.9
12071010404,12071,709,MH,0.3,213,900.0,49500.0,10543500.0,152.9
12071010404,12071,709,M1,0.1,71,1600.0,192000.0,13632000.0,152.9
12071010404,12071,709,C1,0.05,35,2000.0,280000.0,9800000.0,152.9
12071010404,12071,709,S1,0.03,21,2200.0,341000.0,7161000.0,152.9
12071010305,12071,351,W1,0.52,183,1800.0,198000.0,36234000.0,146.2
12071010305,12071,351,MH,0.3,105,900.0,49500.0,5197500.0,146.2
12071010305,12071,351,M1,0.1,35,1600.0,192000.0,6720000.0,146.2
12071010305,12071,351,C1,0.05,18,2000.0,280000.0,5040000.0,146.2
12071010305,12071,351,S1,0.03,11,2200.0,341000.0,3751000.0,146.2
12071060102,12071,500,W1,0.52,260,1800.0,198000.0,51480000.0,148.4
12071060102,12071,500,MH,0.3,150,900.0,49500.0,7425000.0,148.4
12071060102,12071,500,M1,0.1,50,1600.0,192000.0,9600000.0,148.4
12071060102,12071,500,C1,0.05,25,2000.0,280000.0,7000000.0,148.4
12071060102,12071,500,S1,0.03,15,2200.0,341000.0,5115000.0,148.4
12071000600,12071,372,W1,0.52,193,1800.0,198000.0,38214000.0,151.8
12071000600,12071,372,MH,0.3,112,900.0,49500.0,5544000.0,151.8
12071000600,12071,372,M1,0.1,37,1600.0,192000.0,7104000.0,151.8
12071000600,12071,372,C1,0.05,19,2000.0,280000.0,5320000.0,151.8
12071000600,12071,372,S1,0.03,11,2200.0,341000.0,3751000.0,151.8
12071000900,12071,930,W1,0.52,484,1800.0,198000.0,95832000.0,147.0
12071000900,12071,930,MH,0.3,279,900.0,49500.0,13810500.0,147.0
12071000900,12071,930,M1,0.1,93,1600.0,192000.0,17856000.0,147.0
12071000900,12071,930,C1,0.05,46,2000.0,280000.0,12880000.0,147.0
12071000900,12071,930,S1,0.03,28,2200.0,341000.0,9548000.0,147.0
12071000800,12071,513,W1,0.52,267,1800.0,198000.0,52866000.0,149.4
12071000800,12071,513,MH,0.3,154,900.0,49500.0,7623000.0,149.4
12071000800,12071,513,M1,0.1,51,1600.0,192000.0,9792000.0,149.4
12071000800,12071,513,C1,0.05,26,2000.0,280000.0,7280000.0,149.4
12071000800,12071,513,S1,0.03,15,2200.0,341000.0,5115000.0,149.4
12071010501,12071,225,W1,0.52,117,1800.0,198000.0,23166000.0,150.9
12071010501,12071,225,MH,0.3,68,900.0,49500.0,3366000.0,150.9
12071010501,12071,225,M1,0.1,22,1600.0,192000.0,4224000.0,150.9
12071010501,12071,225,C1,0.05,11,2000.0,280000.0,3080000.0,150.9
12071010501,12071,225,S1,0.03,7,2200.0,341000.0,2387000.0,150.9
12071030201,12071,708,W1,0.52,368,1800.0,198000.0,72864000.0,146.5
12071030201,12071,708,MH,0.3,212,900.0,49500.0,10494000.0,146.5
12071030201,12071,708,M1,0.1,71,1600.0,192000.0,13632000.0,146.5
12071030201,12071,708,C1,0.05,35,2000.0,280000.0,9800000.0,146.5
12071030201,12071,708,S1,0.03,21,2200.0,341000.0,7161000.0,146.5
12071001401,12071,223,W1,0.52,116,1800.0,198000.0,22968000.0,150.2
12071001401,12071,223,MH,0.3,67,900.0,49500.0,3316500.0,150.2
12071001401,12071,223,M1,0.1,22,1600.0,192000.0,4224000.0,150.2
12071001401,12071,223,C1,0.05,11,2000.0,280000.0,3080000.0,150.2
12071001401,12071,223,S1,0.03,7,2200.0,341000.0,2387000.0,150.2
12071070102,12071,3656,W1,0.52,1901,1800.0,198000.0,376398000.0,144.5
12071070102,12071,3656,MH,0.3,1097,900.0,49500.0,54301500.0,144.5
12071070102,12071,3656,M1,0.1,366,1600.0,192000.0,70272000.0,144.5
12071070102,12071,3656,C1,0.05,183,2000.0,280000.0,51240000.0,144.5
12071070102,12071,3656,S1,0.03,110,2200.0,341000.0,37510000.0,144.5
12071040209,12071,2128,W1,0.52,1107,1800.0,198000.0,219186000.0,139.6
12071040209,12071,2128,MH,0.3,638,900.0,49500.0,31581000.0,139.6
12071040209,12071,2128,M1,0.1,213,1600.0,192000.0,40896000.0,139.6
12071040209,12071,2128,C1,0.05,106,2000.0,280000.0,29680000.0,139.6
12071040209,12071,2128,S1,0.03,64,2200.0,341000.0,21824000.0,139.6
12071040109,12071,340,W1,0.52,177,1800.0,198000.0,35046000.0,142.7
12071040109,12071,340,MH,0.3,102,900.0,49500.0,5049000.0,142.7
12071040109,12071,340,M1,0.1,34,1600.0,192000.0,6528000.0,142.7
12071040109,12071,340,C1,0.05,17,2000.0,280000.0,4760000.0,142.7
12071040109,12071,340,S1,0.03,10,2200.0,341000.0,3410000.0,142.7
12071001101,12071,211,W1,0.52,110,1800.0,198000.0,21780000.0,151.1
12071001101,12071,211,MH,0.3,63,900.0,49500.0,3118500.0,151.1
12071001101,12071,211,M1,0.1,21,1600.0,192000.0,4032000.0,151.1
12071001101,12071,211,C1,0.05,11,2000.0,280000.0,3080000.0,151.1
12071001101,12071,211,S1,0.03,6,2200.0,341000.0,2046000.0,151.1
12071040123,12071,3471,W1,0.52,1805,1800.0,198000.0,357390000.0,148.0
12071040123,12071,3471,MH,0.3,1041,900.0,49500.0,51529500.0,148.0
12071040123,12071,3471,M1,0.1,347,1600.0,192000.0,66624000.0,148.0
12071040123,12071,3471,C1,0.05,174,2000.0,280000.0,48720000.0,148.0
12071040123,12071,3471,S1,0.03,104,2200.0,341000.0,35464000.0,148.0
12071030202,12071,782,W1,0.52,407,1800.0,198000.0,80586000.0,148.5
12071030202,12071,782,MH,0.3,235,900.0,49500.0,11632500.0,148.5
12071030202,12071,782,M1,0.1,78,1600.0,192000.0,14976000.0,148.5
12071030202,12071,782,C1,0.05,39,2000.0,280000.0,10920000.0,148.5
12071030202,12071,782,S1,0.03,23,2200.0,341000.0,7843000.0,148.5
12071001402,12071,206,W1,0.52,107,1800.0,198000.0,21186000.0,150.2
12071001402,12071,206,MH,0.3,62,900.0,49500.0,3069000.0,150.2
12071001402,12071,206,M1,0.1,21,1600.0,192000.0,4032000.0,150.2
12071001402,12071,206,C1,0.05,10,2000.0,280000.0,2800000.0,150.2
12071001402,12071,206,S1,0.03,6,2200.0,341000.0,2046000.0,150.2
12071010702,12071,628,W1,0.52,327,1800.0,198000.0,64746000.0,145.9
12071010702,12071,628,MH,0.3,188,900.0,49500.0,9306000.0,145.9
12071010702,12071,628,M1,0.1,63,1600.0,192000.0,12096000.0,145.9
12071010702,12071,628,C1,0.05,31,2000.0,280000.0,8680000.0,145.9
12071010702,12071,628,S1,0.03,19,2200.0,341000.0,6479000.0,145.9
12071010701,12071,649,W1,0.52,337,1800.0,198000.0,66726000.0,146.1
12071010701,12071,649,MH,0.3,195,900.0,49500.0,9652500.0,146.1
12071010701,12071,649,M1,0.1,65,1600.0,192000.0,12480000.0,146.1
12071010701,12071,649,C1,0.05,32,2000.0,280000.0,8960000.0,146.1
12071010701,12071,649,S1,0.03,19,2200.0,341000.0,6479000.0,146.1
12071040310,12071,743,W1,0.52,386,1800.0,198000.0,76428000.0,138.4
12071040310,12071,743,MH,0.3,223,900.0,49500.0,11038500.0,138.4
12071040310,12071,743,M1,0.1,74,1600.0,192000.0,14208000.0,138.4
12071040310,12071,743,C1,0.05,37,2000.0,280000.0,10360000.0,138.4
12071040310,12071,743,S1,0.03,22,2200.0,341000.0,7502000.0,138.4
12071040118,12071,307,W1,0.52,160,1800.0,198000.0,31680000.0,135.5
12071040118,12071,307,MH,0.3,92,900.0,49500.0,4554000.0,135.5
12071040118,12071,307,M1,0.1,31,1600.0,192000.0,5952000.0,135.5
12071040118,12071,307,C1,0.05,15,2000.0,280000.0,4200000.0,135.5
12071040118,12071,307,S1,0.03,9,2200.0,341000.0,3069000.0,135.5
12071040111,12071,789,W1,0.52,410,1800.0,198000.0,81180000.0,145.7
12071040111,12071,789,MH,0.3,237,900.0,49500.0,11731500.0,145.7
12071040111,12071,789,M1,0.1,79,1600.0,192000.0,15168000.0,145.7
12071040111,12071,789,C1,0.05,39,2000.0,280000.0,10920000.0,145.7
12071040111,12071,789,S1,0.03,24,2200.0,341000.0,8184000.0,145.7
12071040117,12071,780,W1,0.52,406,1800.0,198000.0,80388000.0,149.3
12071040117,12071,780,MH,0.3,234,900.0,49500.0,11583000.0,149.3
12071040117,12071,780,M1,0.1,78,1600.0,192000.0,14976000.0,149.3
12071040117,12071,780,C1,0.05,39,2000.0,280000.0,10920000.0,149.3
12071040117,12071,780,S1,0.03,23,2200.0,341000.0,7843000.0,149.3
12071050106,12071,972,W1,0.52,505,1800.0,198000.0,99990000.0,147.3
12071050106,12071,972,MH,0.3,292,900.0,49500.0,14454000.0,147.3
12071050106,12071,972,M1,0.1,97,1600.0,192000.0,18624000.0,147.3
12071050106,12071,972,C1,0.05,49,2000.0,280000.0,13720000.0,147.3
12071050106,12071,972,S1,0.03,29,2200.0,341000.0,9889000.0,147.3
12071050205,12071,282,W1,0.52,147,1800.0,198000.0,29106000.0,146.1
12071050205,12071,282,MH,0.3,85,900.0,49500.0,4207500.0,146.1
12071050205,12071,282,M1,0.1,28,1600.0,192000.0,5376000.0,146.1
12071050205,12071,282,C1,0.05,14,2000.0,280000.0,3920000.0,146.1
12071050205,12071,282,S1,0.03,8,2200.0,341000.0,2728000.0,146.1
12071060203,12071,408,W1,0.52,212,1800.0,198000.0,41976000.0,145.0
12071060203,12071,408,MH,0.3,122,900.0,49500.0,6039000.0,145.0
12071060203,12071,408,M1,0.1,41,1600.0,192000.0,7872000.0,145.0
12071060203,12071,408,C1,0.05,20,2000.0,280000.0,5600000.0,145.0
12071060203,12071,408,S1,0.03,12,2200.0,341000.0,4092000.0,145.0
12071001911,12071,994,W1,0.52,517,1800.0,198000.0,102366000.0,149.7
12071001911,12071,994,MH,0.3,298,900.0,49500.0,14751000.0,149.7
12071001911,12071,994,M1,0.1,99,1600.0,192000.0,19008000.0,149.7
12071001911,12071,994,C1,0.05,50,2000.0,280000.0,14000000.0,149.7
12071001911,12071,994,S1,0.03,30,2200.0,341000.0,10230000.0,149.7
12071060300,12071,1504,W1,0.52,782,1800.0,198000.0,154836000.0,138.4
12071060300,12071,1504,MH,0.3,451,900.0,49500.0,22324500.0,138.4
12071060300,12071,1504,M1,0.1,150,1600.0,192000.0,28800000.0,138.4
12071060300,12071,1504,C1,0.05,75,2000.0,280000.0,21000000.0,138.4
12071060300,12071,1504,S1,0.03,45,2200.0,341000.0,15345000.0,138.4
12071080100,12071,7395,W1,0.52,3845,1800.0,198000.0,761310000.0,136.7
12071080100,12071,7395,MH,0.3,2218,900.0,49500.0,109791000.0,136.7
12071080100,12071,7395,M1,0.1,740,1600.0,192000.0,142080000.0,136.7
12071080100,12071,7395,C1,0.05,370,2000.0,280000.0,103600000.0,136.7
12071080100,12071,7395,S1,0.03,222,2200.0,341000.0,75702000.0,136.7
12071001915,12071,1441,W1,0.52,749,1800.0,198000.0,148302000.0,152.2
12071001915,12071,1441,MH,0.3,432,900.0,49500.0,21384000.0,152.2
12071001915,12071,1441,M1,0.1,144,1600.0,192000.0,27648000.0,152.2
12071001915,12071,1441,C1,0.05,72,2000.0,280000.0,20160000.0,152.2
12071001915,12071,1441,S1,0.03,43,2200.0,341000.0,14663000.0,152.2
12071001913,12071,153,W1,0.52,80,1800.0,198000.0,15840000.0,148.2
12071001913,12071,153,MH,0.3,46,900.0,49500.0,2277000.0,148.2
12071001913,12071,153,M1,0.1,15,1600.0,192000.0,2880000.0,148.2
12071001913,12071,153,C1,0.05,8,2000.0,280000.0,2240000.0,148.2
12071001913,12071,153,S1,0.03,5,2200.0,341000.0,1705000.0,148.2
12071060201,12071,262,W1,0.52,136,1800.0,198000.0,26928000.0,145.0
12071060201,12071,262,MH,0.3,79,900.0,49500.0,3910500.0,145.0
12071060201,12071,262,M1,0.1,26,1600.0,192000.0,4992000.0,145.0
12071060201,12071,262,C1,0.05,13,2000.0,280000.0,3640000.0,145.0
12071060201,12071,262,S1,0.03,8,2200.0,341000.0,2728000.0,145.0
12071060202,12071,246,W1,0.52,128,1800.0,198000.0,25344000.0,145.0
12071060202,12071,246,MH,0.3,74,900.0,49500.0,3663000.0,145.0
12071060202,12071,246,M1,0.1,25,1600.0,192000.0,4800000.0,145.0
12071060202,12071,246,C1,0.05,12,2000.0,280000.0,3360000.0,145.0
12071060202,12071,246,S1,0.03,7,2200.0,341000.0,2387000.0,145.0
12071010302,12071,511,W1,0.52,266,1800.0,198000.0,52668000.0,146.0
12071010302,12071,511,MH,0.3,153,900.0,49500.0,7573500.0,146.0
12071010302,12071,511,M1,0.1,51,1600.0,192000.0,9792000.0,146.0
12071010302,12071,511,C1,0.05,26,2000.0,280000.0,7280000.0,146.0
12071010302,12071,511,S1,0.03,15,2200.0,341000.0,5115000.0,146.0
12071010303,12071,378,W1,0.52,197,1800.0,198000.0,39006000.0,148.7
12071010303,12071,378,MH,0.3,113,900.0,49500.0,5593500.0,148.7
12071010303,12071,378,M1,0.1,38,1600.0,192000.0,7296000.0,148.7
12071010303,12071,378,C1,0.05,19,2000.0,280000.0,5320000.0,148.7
12071010303,12071,378,S1,0.03,11,2200.0,341000.0,3751000.0,148.7
12071010411,12071,319,W1,0.52,166,1800.0,198000.0,32868000.0,152.6
12071010411,12071,319,MH,0.3,96,900.0,49500.0,4752000.0,152.6
12071010411,12071,319,M1,0.1,32,1600.0,192000.0,6144000.0,152.6
12071010411,12071,319,C1,0.05,16,2000.0,280000.0,4480000.0,152.6
12071010411,12071,319,S1,0.03,10,2200.0,341000.0,3410000.0,152.6
12071020201,12071,1580,W1,0.52,822,1800.0,198000.0,162756000.0,152.0
12071020201,12071,1580,MH,0.3,474,900.0,49500.0,23463000.0,152.0
12071020201,12071,1580,M1,0.1,158,1600.0,192000.0,30336000.0,152.0
12071020201,12071,1580,C1,0.05,79,2000.0,280000.0,22120000.0,152.0
12071020201,12071,1580,S1,0.03,47,2200.0,341000.0,16027000.0,152.0
12071040210,12071,1365,W1,0.52,710,1800.0,198000.0,140580000.0,142.5
12071040210,12071,1365,MH,0.3,410,900.0,49500.0,20295000.0,142.5
12071040210,12071,1365,M1,0.1,136,1600.0,192000.0,26112000.0,142.5
12071040210,12071,1365,C1,0.05,68,2000.0,280000.0,19040000.0,142.5
12071040210,12071,1365,S1,0.03,41,2200.0,341000.0,13981000.0,142.5
12071030100,12071,5561,W1,0.52,2892,1800.0,198000.0,572616000.0,146.5
12071030100,12071,5561,MH,0.3,1668,900.0,49500.0,82566000.0,146.5
12071030100,12071,5561,M1,0.1,556,1600.0,192000.0,106752000.0,146.5
12071030100,12071,5561,C1,0.05,278,2000.0,280000.0,77840000.0,146.5
12071030100,12071,5561,S1,0.03,167,2200.0,341000.0,56947000.0,146.5
12071050312,12071,12518,W1,0.52,6509,1800.0,198000.0,1288782000.0,125.5
12071050312,12071,12518,MH,0.3,3755,900.0,49500.0,185872500.0,125.5
12071050312,12071,12518,M1,0.1,1252,1600.0,192000.0,240384000.0,125.5
12071050312,12071,12518,C1,0.05,626,2000.0,280000.0,175280000.0,125.5
12071050312,12071,12518,S1,0.03,376,2200.0,341000.0,128216000.0,125.5
12071050104,12071,1340,W1,0.52,697,1800.0,198000.0,138006000.0,144.3
12071050104,12071,1340,MH,0.3,402,900.0,49500.0,19899000.0,144.3
12071050104,12071,1340,M1,0.1,134,1600.0,192000.0,25728000.0,144.3
12071050104,12071,1340,C1,0.05,67,2000.0,280000.0,18760000.0,144.3
12071050104,12071,1340,S1,0.03,40,2200.0,341000.0,13640000.0,144.3
12071080204,12071,5339,W1,0.52,2776,1800.0,198000.0,549648000.0,149.9
12071080204,12071,5339,MH,0.3,1602,900.0,49500.0,79299000.0,149.9
12071080204,12071,5339,M1,0.1,534,1600.0,192000.0,102528000.0,149.9
12071080204,12071,5339,C1,0.05,267,2000.0,280000.0,74760000.0,149.9
12071080204,12071,5339,S1,0.03,160,2200.0,341000.0,54560000.0,149.9
12071990000,12071,105483,W1,0.52,54851,1800.0,198000.0,10860498000.0,143.5
12071990000,12071,105483,MH,0.3,31645,900.0,49500.0,1566427500.0,143.5
12071990000,12071,105483,M1,0.1,10548,1600.0,192000.0,2025216000.0,143.5
12071990000,12071,105483,C1,0.05,5274,2000.0,280000.0,1476720000.0,143.5
12071990000,12071,105483,S1,0.03,3164,2200.0,341000.0,1078924000.0,143.5
12071070101,12071,6614,W1,0.52,3439,1800.0,198000.0,680922000.0,127.5
12071070101,12071,6614,MH,0.3,1984,900.0,49500.0,98208000.0,127.5
12071070101,12071,6614,M1,0.1,661,1600.0,192000.0,126912000.0,127.5
12071070101,12071,6614,C1,0.05,331,2000.0,280000.0,92680000.0,127.5
12071070101,12071,6614,S1,0.03,198,2200.0,341000.0,67518000.0,127.5
12071020202,12071,2625,W1,0.52,1365,1800.0,198000.0,270270000.0,152.6
12071020202,12071,2625,MH,0.3,788,900.0,49500.0,39006000.0,152.6
12071020202,12071,2625,M1,0.1,262,1600.0,192000.0,50304000.0,152.6
12071020202,12071,2625,C1,0.05,131,2000.0,280000.0,36680000.0,152.6
12071020202,12071,2625,S1,0.03,79,2200.0,341000.0,26939000.0,152.6
12071040206,12071,1687,W1,0.52,877,1800.0,198000.0,173646000.0,141.9
12071040206,12071,1687,MH,0.3,506,900.0,49500.0,25047000.0,141.9
12071040206,12071,1687,M1,0.1,169,1600.0,192000.0,32448000.0,141.9
12071040206,12071,1687,C1,0.05,84,2000.0,280000.0,23520000.0,141.9
12071040206,12071,1687,S1,0.03,51,2200.0,341000.0,17391000.0,141.9
12071050601,12071,378,W1,0.52,197,1800.0,198000.0,39006000.0,128.3
12071050601,12071,378,MH,0.3,113,900.0,49500.0,5593500.0,128.3
12071050601,12071,378,M1,0.1,38,1600.0,192000.0,7296000.0,128.3
12071050601,12071,378,C1,0.05,19,2000.0,280000.0,5320000.0,128.3
12071050601,12071,378,S1,0.03,11,2200.0,341000.0,3751000.0,128.3
12071040120,12071,261,W1,0.52,136,1800.0,198000.0,26928000.0,138.3
12071040120,12071,261,MH,0.3,78,900.0,49500.0,3861000.0,138.3
12071040120,12071,261,M1,0.1,26,1600.0,192000.0,4992000.0,138.3
12071040120,12071,261,C1,0.05,13,2000.0,280000.0,3640000.0,138.3
12071040120,12071,261,S1,0.03,8,2200.0,341000.0,2728000.0,138.3
12071050105,12071,648,W1,0.52,337,1800.0,198000.0,66726000.0,148.5
12071050105,12071,648,MH,0.3,194,900.0,49500.0,9603000.0,148.5
12071050105,12071,648,M1,0.1,65,1600.0,192000.0,12480000.0,148.5
12071050105,12071,648,C1,0.05,32,2000.0,280000.0,8960000.0,148.5
12071050105,12071,648,S1,0.03,19,2200.0,341000.0,6479000.0,148.5
12071001912,12071,192,W1,0.52,100,1800.0,198000.0,19800000.0,148.5
12071001912,12071,192,MH,0.3,58,900.0,49500.0,2871000.0,148.5
12071001912,12071,192,M1,0.1,19,1600.0,192000.0,3648000.0,148.5
12071001912,12071,192,C1,0.05,10,2000.0,280000.0,2800000.0,148.5
12071001912,12071,192,S1,0.03,6,2200.0,341000.0,2046000.0,148.5
12071040127,12071,899,W1,0.52,467,1800.0,198000.0,92466000.0,143.0
12071040127,12071,899,MH,0.3,270,900.0,49500.0,13365000.0,143.0
12071040127,12071,899,M1,0.1,90,1600.0,192000.0,17280000.0,143.0
12071040127,12071,899,C1,0.05,45,2000.0,280000.0,12600000.0,143.0
12071040127,12071,899,S1,0.03,27,2200.0,341000.0,9207000.0,143.0
12071040113,12071,1244,W1,0.52,647,1800.0,198000.0,128106000.0,146.0
12071040113,12071,1244,MH,0.3,373,900.0,49500.0,18463500.0,146.0
12071040113,12071,1244,M1,0.1,124,1600.0,192000.0,23808000.0,146.0
12071040113,12071,1244,C1,0.05,62,2000.0,280000.0,17360000.0,146.0
12071040113,12071,1244,S1,0.03,37,2200.0,341000.0,12617000.0,146.0
12071010412,12071,295,W1,0.52,153,1800.0,198000.0,30294000.0,152.6
12071010412,12071,295,MH,0.3,88,900.0,49500.0,4356000.0,152.6
12071010412,12071,295,M1,0.1,30,1600.0,192000.0,5760000.0,152.6
12071010412,12071,295,C1,0.05,15,2000.0,280000.0,4200000.0,152.6
12071010412,12071,295,S1,0.03,9,2200.0,341000.0,3069000.0,152.6
12071040126,12071,286,W1,0.52,149,1800.0,198000.0,29502000.0,143.1
12071040126,12071,286,MH,0.3,86,900.0,49500.0,4257000.0,143.1
12071040126,12071,286,M1,0.1,29,1600.0,192000.0,5568000.0,143.1
12071040126,12071,286,C1,0.05,14,2000.0,280000.0,3920000.0,143.1
12071040126,12071,286,S1,0.03,9,2200.0,341000.0,3069000.0,143.1
12071050204,12071,215,W1,0.52,112,1800.0,198000.0,22176000.0,142.9
12071050204,12071,215,MH,0.3,64,900.0,49500.0,3168000.0,142.9
12071050204,12071,215,M1,0.1,22,1600.0,192000.0,4224000.0,142.9
12071050204,12071,215,C1,0.05,11,2000.0,280000.0,3080000.0,142.9
12071050204,12071,215,S1,0.03,6,2200.0,341000.0,2046000.0,142.9
12071080202,12071,1054,W1,0.52,548,1800.0,198000.0,108504000.0,152.4
12071080202,12071,1054,MH,0.3,316,900.0,49500.0,15642000.0,152.4
12071080202,12071,1054,M1,0.1,105,1600.0,192000.0,20160000.0,152.4
12071080202,12071,1054,C1,0.05,53,2000.0,280000.0,14840000.0,152.4
12071080202,12071,1054,S1,0.03,32,2200.0,341000.0,10912000.0,152.4
12071040314,12071,1043,W1,0.52,542,1800.0,198000.0,107316000.0,134.9
12071040314,12071,1043,MH,0.3,313,900.0,49500.0,15493500.0,134.9
12071040314,12071,1043,M1,0.1,104,1600.0,192000.0,19968000.0,134.9
12071040314,12071,1043,C1,0.05,52,2000.0,280000.0,14560000.0,134.9
12071040314,12071,1043,S1,0.03,31,2200.0,341000.0,10571000.0,134.9
12071040207,12071,757,W1,0.52,394,1800.0,198000.0,78012000.0,139.3
12071040207,12071,757,MH,0.3,227,900.0,49500.0,11236500.0,139.3
12071040207,12071,757,M1,0.1,76,1600.0,192000.0,14592000.0,139.3
12071040207,12071,757,C1,0.05,38,2000.0,280000.0,10640000.0,139.3
12071040207,12071,757,S1,0.03,23,2200.0,341000.0,7843000.0,139.3
12071040125,12071,286,W1,0.52,149,1800.0,198000.0,29502000.0,143.2
12071040125,12071,286,MH,0.3,86,900.0,49500.0,4257000.0,143.2
12071040125,12071,286,M1,0.1,29,1600.0,192000.0,5568000.0,143.2
12071040125,12071,286,C1,0.05,14,2000.0,280000.0,3920000.0,143.2
12071040125,12071,286,S1,0.03,9,2200.0,341000.0,3069000.0,143.2
12071040121,12071,364,W1,0.52,189,1800.0,198000.0,37422000.0,144.8
12071040121,12071,364,MH,0.3,109,900.0,49500.0,5395500.0,144.8
12071040121,12071,364,M1,0.1,36,1600.0,192000.0,6912000.0,144.8
12071040121,12071,364,C1,0.05,18,2000.0,280000.0,5040000.0,144.8
12071040121,12071,364,S1,0.03,11,2200.0,341000.0,3751000.0,144.8
12071040122,12071,361,W1,0.52,188,1800.0,198000.0,37224000.0,142.7
12071040122,12071,361,MH,0.3,108,900.0,49500.0,5346000.0,142.7
12071040122,12071,361,M1,0.1,36,1600.0,192000.0,6912000.0,142.7
12071040122,12071,361,C1,0.05,18,2000.0,280000.0,5040000.0,142.7
12071040122,12071,361,S1,0.03,11,2200.0,341000.0,3751000.0,142.7
12071050206,12071,139,W1,0.52,72,1800.0,198000.0,14256000.0,144.6
12071050206,12071,139,MH,0.3,42,900.0,49500.0,2079000.0,144.6
12071050206,12071,139,M1,0.1,14,1600.0,192000.0,2688000.0,144.6
12071050206,12071,139,C1,0.05,7,2000.0,280000.0,1960000.0,144.6
12071050206,12071,139,S1,0.03,4,2200.0,341000.0,1364000.0,144.6
12071040131,12071,504,W1,0.52,262,1800.0,198000.0,51876000.0,146.2
12071040131,12071,504,MH,0.3,151,900.0,49500.0,7474500.0,146.2
12071040131,12071,504,M1,0.1,50,1600.0,192000.0,9600000.0,146.2
12071040131,12071,504,C1,0.05,25,2000.0,280000.0,7000000.0,146.2
12071040131,12071,504,S1,0.03,15,2200.0,341000.0,5115000.0,146.2
12071040134,12071,129,W1,0.52,67,1800.0,198000.0,13266000.0,149.6
12071040134,12071,129,MH,0.3,39,900.0,49500.0,1930500.0,149.6
12071040134,12071,129,M1,0.1,13,1600.0,192000.0,2496000.0,149.6
12071040134,12071,129,C1,0.05,6,2000.0,280000.0,1680000.0,149.6
12071040134,12071,129,S1,0.03,4,2200.0,341000.0,1364000.0,149.6
12071040313,12071,325,W1,0.52,169,1800.0,198000.0,33462000.0,136.7
12071040313,12071,325,MH,0.3,98,900.0,49500.0,4851000.0,136.7
12071040313,12071,325,M1,0.1,32,1600.0,192000.0,6144000.0,136.7
12071040313,12071,325,C1,0.05,16,2000.0,280000.0,4480000.0,136.7
12071040313,12071,325,S1,0.03,10,2200.0,341000.0,3410000.0,136.7
12071010601,12071,281,W1,0.52,146,1800.0,198000.0,28908000.0,148.6
12071010601,12071,281,MH,0.3,84,900.0,49500.0,4158000.0,148.6
12071010601,12071,281,M1,0.1,28,1600.0,192000.0,5376000.0,148.6
12071010601,12071,281,C1,0.05,14,2000.0,280000.0,3920000.0,148.6
12071010601,12071,281,S1,0.03,8,2200.0,341000.0,2728000.0,148.6
