tract_id,total_buildings,total_TIV,peak_gust_mph,TIV_millions,lat,lon,expected_loss,MDR,loss_M,wind_mph,bldgs_DS0,bldgs_DS1,bldgs_DS2,bldgs_DS3,bldgs_DS4
12071000303,631,101834500.0,152.2,101.83,26.67884053980028,-81.83166103420169,63423431.7,0.6228088879505472,63.42,152.2,14.0,43.0,88.0,128.0,358.0
12071000304,354,57190000.0,151.2,57.19,26.66421782258251,-81.85383913657715,35236357.2,0.6161279454450079,35.24,151.2,9.0,25.0,50.0,72.0,199.0
12071000305,142,22792500.0,152.0,22.79,26.65807504449156,-81.83900373099323,14206816.35,0.6233110167818361,14.21,152.0,3.0,11.0,20.0,28.0,81.0
12071000306,134,21660000.0,151.9,21.66,26.666716389016862,-81.82060158993612,13445836.8,0.6207680886426593,13.45,151.9,3.0,9.0,19.0,27.0,76.0
12071000401,373,60131000.0,151.4,60.13,26.684001499210773,-81.8067156801725,37166262.5,0.6180882157289918,37.17,151.4,9.0,26.0,52.0,76.0,210.0
12071000402,287,46316000.0,151.4,46.32,26.68025028578255,-81.79141638764841,28614867.200000003,0.617818188099145,28.61,151.4,6.0,19.0,40.0,58.0,162.0
12071000502,229,36860500.0,151.8,36.86,26.643815744075052,-81.84338073495493,22895339.05,0.6211347933424668,22.9,151.8,5.0,16.0,33.0,47.0,129.0
12071000503,243,39114500.0,151.9,39.11,26.65467972923989,-81.82953514823956,24339125.45,0.6222532679696787,24.34,151.9,6.0,18.0,35.0,49.0,138.0
12071000504,558,90075500.0,151.9,90.08,26.65180399405098,-81.81011159863836,55930502.75,0.6209291399992228,55.93,151.9,14.0,38.0,79.0,112.0,315.0
12071000600,372,59933000.0,151.8,59.93,26.633414657400962,-81.84232026489141,37189184.6,0.620512649124856,37.19,151.8,9.0,26.0,52.0,75.0,210.0
12071000700,171,27635500.0,151.1,27.64,26.63316171115128,-81.86577967436695,17012105.7,0.6155888512963398,17.01,151.1,4.0,12.0,24.0,34.0,95.0
12071000800,513,82676000.0,149.4,82.68,26.63969910326401,-81.8859507255916,50074437.8,0.6056707847501088,50.07,149.4,14.0,38.0,74.0,105.0,282.0
12071000900,930,149926500.0,147.0,149.93,26.610714724461015,-81.89846936956917,88465511.7,0.5900592070114357,88.47,147.0,26.0,74.0,141.0,193.0,496.0
12071001001,203,32693500.0,150.0,32.69,26.603568518249553,-81.87990608151358,19943047.1,0.6100003701041492,19.94,150.0,5.0,14.0,28.0,42.0,112.0
12071001002,165,26520000.0,149.7,26.52,26.61933949109205,-81.87844708974495,16132119.3,0.6083001244343892,16.13,149.7,5.0,12.0,24.0,34.0,91.0
12071001101,211,34056500.0,151.1,34.06,26.618994072716486,-81.86402026232743,20984349.9,0.6161628440973088,20.98,151.1,5.0,14.0,29.0,43.0,119.0
12071001103,103,16569500.0,151.0,16.57,26.60069551466053,-81.86374311259068,10222796.65,0.6169647032197713,10.22,151.0,1.0,7.0,15.0,21.0,57.0
12071001104,105,16817000.0,151.0,16.82,26.608012645773265,-81.86380225554186,10392299.5,0.6179639353035619,10.39,151.0,1.0,7.0,15.0,21.0,59.0
12071001203,399,64298000.0,151.5,64.3,26.612103464680523,-81.84792074282511,39781216.6,0.6187006843136645,39.78,151.5,10.0,29.0,56.0,81.0,225.0
12071001204,697,112422500.0,151.2,112.42,26.624163676680933,-81.82043712782003,69326010.9,0.6166560154773288,69.33,151.2,16.0,49.0,99.0,141.0,390.0
12071001205,166,26712000.0,151.2,26.71,26.606223998009835,-81.83300105860977,16488747.6,0.6172786612758311,16.49,151.2,4.0,12.0,24.0,33.0,93.0
12071001206,406,65381000.0,149.5,65.38,26.545912536439417,-81.84829659674605,39654772.9,0.6065182988941741,39.65,149.5,11.0,30.0,59.0,83.0,224.0
12071001207,423,68223500.0,150.2,68.22,26.568866398098013,-81.84363612869983,41646200.85,0.6104377648464239,41.65,150.2,11.0,30.0,60.0,85.0,234.0
12071001208,663,106892500.0,150.8,106.89,26.587065780322202,-81.83502729867219,65683246.75,0.6144794700282995,65.68,150.8,16.0,47.0,95.0,134.0,370.0
12071001209,209,33578500.0,150.7,33.58,26.60323532174967,-81.81905840420114,20657832.0,0.6152100897895975,20.66,150.7,5.0,14.0,28.0,43.0,117.0
12071001300,475,76645000.0,150.9,76.64,26.580707530419392,-81.86365958729186,47127645.1,0.6148821854002218,47.13,150.9,11.0,34.0,67.0,97.0,266.0
12071001401,223,35975500.0,150.2,35.98,26.58597351803,-81.8779019301151,21957112.65,0.6103351628191408,21.96,150.2,6.0,16.0,33.0,46.0,124.0
12071001402,206,33133000.0,150.2,33.13,26.584670559010345,-81.8894799069257,20255933.7,0.61135223795008,20.26,150.2,5.0,14.0,28.0,42.0,115.0
12071001501,188,30390000.0,149.2,30.39,26.566084082204952,-81.89018411035067,18352743.6,0.6039073247778876,18.35,149.2,5.0,13.0,27.0,38.0,102.0
12071001502,153,24744000.0,150.3,24.74,26.568073925877783,-81.87808398373522,15076972.2,0.6093183074684771,15.08,150.3,5.0,11.0,22.0,31.0,85.0
12071001601,263,42396500.0,150.6,42.4,26.555481430679205,-81.86350877838656,26000261.4,0.6132643354993926,26.0,150.6,6.0,19.0,38.0,53.0,146.0
12071001602,418,67530500.0,150.1,67.53,26.53176841802592,-81.86289675871454,41142915.25,0.6092493799098185,41.14,150.1,11.0,30.0,60.0,85.0,232.0
12071001701,258,41703500.0,149.2,41.7,26.551146384040006,-81.89900391934418,25164036.0,0.6034034553454746,25.16,149.2,6.0,19.0,38.0,52.0,141.0
12071001705,248,39801500.0,149.6,39.8,26.533440910758056,-81.89299272097962,24209393.35,0.6082532907051241,24.21,149.6,6.0,18.0,36.0,51.0,137.0
12071001706,243,39114500.0,148.2,39.11,26.530269025244834,-81.91798206048054,23419445.05,0.5987407495941403,23.42,148.2,6.0,19.0,37.0,51.0,132.0
12071001708,177,28520500.0,150.3,28.52,26.55329861566857,-81.87856856373818,17440241.05,0.611498432706299,17.44,150.3,5.0,12.0,26.0,35.0,97.0
12071001709,318,51406500.0,150.2,51.41,26.534222088630546,-81.87996739624317,31338683.25,0.6096249161098305,31.34,150.2,9.0,24.0,45.0,65.0,177.0
12071001710,122,19653500.0,149.7,19.65,26.525943943162105,-81.90523040880521,11923721.7,0.6066971124736052,11.92,149.7,3.0,9.0,17.0,24.0,67.0
12071001711,167,26910000.0,149.6,26.91,26.538639209960454,-81.90513731980673,16344884.7,0.6073907357859532,16.34,149.6,5.0,12.0,24.0,34.0,92.0
12071001801,462,74446500.0,149.2,74.45,26.566971273638533,-81.9081959646135,44981418.0,0.6042113195381918,44.98,149.2,11.0,35.0,67.0,95.0,254.0
12071001802,323,52099500.0,148.2,52.1,26.54873954797073,-81.92353387094239,31135741.95,0.5976207439610745,31.14,148.2,9.0,25.0,47.0,66.0,175.0
12071001903,572,92181000.0,147.5,92.18,26.530706438882564,-81.94523956795825,54673331.7,0.5931084681224982,54.67,147.5,16.0,44.0,86.0,118.0,307.0
12071001908,1315,212058000.0,148.9,212.06,26.471736764615898,-81.92821661762433,127716633.0,0.6022721755368814,127.72,148.9,36.0,98.0,192.0,270.0,718.0
12071001910,100,16124000.0,148.5,16.12,26.491321679903187,-81.95344269777156,9669689.0,0.5997078268419747,9.67,148.5,2.0,7.0,15.0,21.0,54.0
12071001911,994,160355000.0,149.7,160.35,26.48071916625634,-81.97780301512404,97368174.6,0.6072038576907486,97.37,149.7,25.0,73.0,145.0,202.0,547.0
12071001912,193,31165000.0,148.5,31.16,26.499428207640534,-81.96034320572652,18657978.1,0.59868371891545,18.66,148.5,5.0,14.0,27.0,39.0,104.0
12071001913,154,24942000.0,148.2,24.94,26.504601515226366,-81.94769470809354,14867764.8,0.5960935289872504,14.87,148.2,5.0,12.0,22.0,32.0,84.0
12071001915,1440,232157000.0,152.2,232.16,26.506264495289955,-81.99937441342246,144681672.0,0.6232061579017647,144.68,152.2,34.0,99.0,201.0,290.0,818.0
12071001916,277,44644500.0,148.2,44.64,26.501881970844977,-81.93279813315115,26694880.05,0.5979433088062359,26.69,148.2,8.0,20.0,41.0,57.0,150.0
12071001917,294,47487000.0,147.3,47.49,26.517334308166944,-81.93244178424972,28080995.700000003,0.5913406974540402,28.08,147.3,9.0,24.0,45.0,61.0,158.0
12071001918,156,25332000.0,149.7,25.33,26.51467145912079,-81.90459715369377,15336139.500000002,0.6054057910942682,15.34,149.7,5.0,11.0,22.0,31.0,85.0
12071001919,187,30192000.0,148.8,30.19,26.510019312428064,-81.91675748491397,18150813.0,0.6011795508744038,18.15,148.8,5.0,13.0,27.0,38.0,101.0
12071001920,484,78124500.0,149.2,78.12,26.503942564033153,-81.88981230659265,47183913.0,0.6039579517308911,47.18,149.2,13.0,35.0,72.0,99.0,266.0
12071001921,2073,334239000.0,147.9,334.24,26.464368864166374,-81.89505918663488,199127331.9,0.5957633067954368,199.13,147.9,58.0,159.0,310.0,429.0,1119.0
12071001922,212,34106000.0,149.2,34.11,26.512763818277026,-81.95837731184962,20614681.2,0.6044297542954319,20.61,149.2,5.0,16.0,31.0,43.0,116.0
12071001923,395,63803000.0,151.2,63.8,26.514665832878872,-81.97302141119785,39317608.8,0.6162344842718994,39.32,151.2,10.0,29.0,56.0,80.0,221.0
12071010104,270,43561500.0,156.2,43.56,26.763769858838415,-82.05059873481716,28178453.55,0.6468660066802108,28.18,156.2,5.0,16.0,35.0,54.0,160.0
12071010106,587,94688000.0,155.5,94.69,26.663053960040116,-82.0256558304071,60891648.2,0.643076717218655,60.89,155.5,12.0,36.0,77.0,116.0,346.0
12071010107,411,66304500.0,154.3,66.3,26.674352770327207,-82.00614015527798,42166193.1,0.6359476822840079,42.17,154.3,9.0,26.0,56.0,82.0,239.0
12071010108,791,127661500.0,155.4,127.66,26.649275300838166,-82.01224617608447,81989175.45,0.6422388539222867,81.99,155.4,16.0,49.0,104.0,156.0,465.0
12071010109,753,121488000.0,155.8,121.49,26.660490605998536,-82.04992459076188,78310837.2,0.6445973034373765,78.31,155.8,15.0,46.0,99.0,149.0,446.0
12071010110,3946,636142000.0,156.0,636.14,26.702763276616636,-82.06468139544732,411144142.0,0.6463087518195623,411.14,156.0,78.0,242.0,512.0,774.0,2338.0
12071010111,921,148596000.0,155.3,148.6,26.691294237140607,-82.01313958787766,95381016.0,0.6418814503755148,95.38,155.3,18.0,58.0,121.0,182.0,541.0
12071010112,270,43561500.0,146.3,43.56,26.748137404154296,-81.93007339455637,25474696.5,0.5847984229193209,25.47,146.3,9.0,20.0,41.0,56.0,143.0
12071010113,5263,848596500.0,153.0,848.6,26.740420856342165,-81.99281343655899,533006213.7000001,0.628103243060748,533.01,153.0,118.0,352.0,721.0,1054.0,3016.0
12071010203,979,157760000.0,148.2,157.76,26.682378935539596,-81.93849429587354,94329274.0,0.5979289680527383,94.33,148.2,26.0,75.0,145.0,202.0,530.0
12071010205,661,106645000.0,152.8,106.64,26.66440822224307,-81.97285812591917,66840753.1,0.6267593708096957,66.84,152.8,15.0,44.0,92.0,131.0,377.0
12071010206,879,141636000.0,152.2,141.64,26.69022044415401,-81.97791779488512,88284042.0,0.623316402609506,88.28,152.2,19.0,60.0,122.0,177.0,500.0
12071010207,803,129437500.0,149.5,129.44,26.71768698896753,-81.9521698629763,78476376.05,0.6062877917914051,78.48,149.5,19.0,59.0,118.0,165.0,442.0
12071010208,589,94935500.0,147.7,94.94,26.707592374726392,-81.93902282563866,56443765.3,0.5945485650783953,56.44,147.7,16.0,45.0,88.0,122.0,317.0
12071010209,191,30917500.0,143.7,30.92,26.73312040691427,-81.9178787060588,17509075.95,0.5663160329910245,17.51,143.7,6.0,17.0,30.0,39.0,98.0
12071010210,487,78564000.0,144.5,78.56,26.71174014910167,-81.91553382532499,45030915.6,0.5731749350847717,45.03,144.5,16.0,42.0,77.0,103.0,251.0
12071010302,511,82428500.0,146.0,82.43,26.664215904294238,-81.92596963189375,48080286.45,0.5832968748673093,48.08,146.0,16.0,42.0,79.0,107.0,269.0
12071010303,378,60966500.0,148.7,60.97,26.621117756814414,-81.94841301807968,36652752.3,0.6011949562464632,36.65,148.7,11.0,29.0,56.0,79.0,208.0
12071010305,352,56942500.0,146.2,56.94,26.640427768035043,-81.91601160283378,33233788.9,0.583637685384379,33.23,146.2,11.0,29.0,53.0,73.0,185.0
12071010306,467,75282000.0,151.0,75.28,26.64297665275606,-81.96975473743376,46360354.8,0.6158225711325416,46.36,151.0,11.0,33.0,65.0,96.0,262.0
12071010307,461,74397000.0,148.7,74.4,26.64863390047494,-81.94991495725742,44701204.2,0.6008468647929351,44.7,148.7,12.0,35.0,67.0,96.0,252.0
12071010308,344,55288000.0,146.2,55.29,26.63954115494122,-81.9299353410565,32376120.4,0.5855903704239618,32.38,146.2,11.0,28.0,52.0,70.0,181.0
12071010309,518,83654500.0,146.2,83.65,26.61874400086381,-81.92850616081525,48863096.5,0.5841060134242629,48.86,146.2,16.0,42.0,79.0,108.0,274.0
12071010404,709,114198500.0,152.9,114.2,26.616861710795636,-81.98341555068158,71700951.5,0.6278624631672045,71.7,152.9,16.0,47.0,96.0,142.0,406.0
12071010411,320,51654000.0,152.6,51.65,26.57093058869964,-81.98658573867885,32284017.0,0.6250051690091765,32.28,152.6,7.0,22.0,43.0,65.0,182.0
12071010412,295,47679000.0,152.6,47.68,26.57806629839928,-81.97674428364147,29788154.1,0.624764657396338,29.79,152.6,6.0,19.0,41.0,59.0,167.0
12071010413,306,49257000.0,151.0,49.26,26.62045994248726,-81.96477377122524,30349107.9,0.6161379682075644,30.35,151.0,7.0,21.0,43.0,63.0,171.0
12071010414,197,31802500.0,150.9,31.8,26.603487308061823,-81.96868401589161,19536041.95,0.6142926483767,19.54,150.9,5.0,14.0,27.0,41.0,111.0
12071010415,3139,506067000.0,154.6,506.07,26.53053464713773,-82.03571794366633,322804678.5,0.6378694491045652,322.8,154.6,67.0,201.0,418.0,622.0,1832.0
12071010416,307,49455000.0,154.7,49.46,26.555826298696992,-82.01980602853273,31605851.7,0.6390830391264786,31.61,154.7,6.0,19.0,41.0,61.0,180.0
12071010417,278,44842500.0,153.4,44.84,26.545820764481988,-81.99927078260686,28288075.2,0.630831804649607,28.29,153.4,6.0,18.0,38.0,56.0,160.0
12071010418,338,54545500.0,153.8,54.55,26.564845216100696,-81.99768396565554,34524256.15,0.6329441686298595,34.52,153.8,8.0,23.0,45.0,67.0,196.0
12071010419,463,74644500.0,154.4,74.64,26.623637111242118,-81.99914677136223,47525486.7,0.636691071679762,47.53,154.4,10.0,30.0,62.0,92.0,269.0
12071010420,863,139140500.0,155.3,139.14,26.622753764008657,-82.02328338455321,89341978.8,0.6420990207739659,89.34,155.3,18.0,54.0,114.0,170.0,507.0
12071010421,511,82428500.0,154.3,82.43,26.593964278086496,-82.00134217603296,52421013.9,0.635957392164118,52.42,154.3,11.0,33.0,68.0,103.0,298.0
12071010422,507,81703000.0,154.9,81.7,26.582922333747586,-82.02169364901447,52290671.8,0.6400092016205036,52.29,154.9,11.0,32.0,67.0,101.0,297.0
12071010423,2011,324288500.0,155.1,324.29,26.598644078904385,-82.0475059431826,207822316.45,0.6408562636356208,207.82,155.1,42.0,127.0,265.0,397.0,1179.0
12071010501,225,36223000.0,150.9,36.22,26.595682739429567,-81.95902536454614,22286598.4,0.6152609778317643,22.29,150.9,5.0,16.0,33.0,46.0,126.0
12071010503,220,35530000.0,150.7,35.53,26.57896470600621,-81.96432693296117,21775983.9,0.6128900619195046,21.78,150.7,5.0,16.0,32.0,45.0,124.0
12071010504,106,17009000.0,150.7,17.01,26.572120373996444,-81.96054485004375,10465724.1,0.6153050796637074,10.47,150.7,1.0,7.0,15.0,22.0,59.0
12071010601,280,45090000.0,148.6,45.09,26.59280063614473,-81.94716836749646,27098741.4,0.6009922687957419,27.1,148.6,7.0,20.0,41.0,57.0,152.0
12071010602,193,31165000.0,150.3,31.16,26.568585691540925,-81.95210521246193,19016872.9,0.6101996759184982,19.02,150.3,5.0,14.0,27.0,41.0,108.0
12071010701,648,104297500.0,146.1,104.3,26.597285103760203,-81.92372441712743,60971462.5,0.5845917927083583,60.97,146.1,19.0,52.0,100.0,136.0,341.0
12071010702,628,101307000.0,145.9,101.31,26.57607602580517,-81.92784439968216,59034996.6,0.5827336373597086,59.03,145.9,19.0,50.0,97.0,133.0,330.0
12071010801,460,74199000.0,151.8,74.2,26.54395789081214,-81.98219633144666,46034925.3,0.620425144543727,46.03,151.8,11.0,32.0,64.0,93.0,261.0
12071010802,322,51901500.0,150.3,51.9,26.557439502928247,-81.95029330657732,31710223.35,0.6109693043553655,31.71,150.3,9.0,24.0,46.0,66.0,180.0
12071010803,575,92769000.0,149.8,92.77,26.544242430018578,-81.95689148001401,56397967.8,0.6079398053228988,56.4,149.8,15.0,43.0,83.0,116.0,317.0
12071020102,527,84985000.0,149.6,84.98,26.71273055166763,-81.88999042756164,51567811.1,0.6067872106842385,51.57,149.6,14.0,39.0,76.0,107.0,290.0
12071020103,658,106199500.0,146.6,106.2,26.739459007184127,-81.89992484564824,62338497.1,0.5869942617432286,62.34,146.6,19.0,52.0,101.0,138.0,349.0
12071020104,579,93264000.0,147.6,93.26,26.761128450357027,-81.90832250985673,55408925.1,0.5941083923057129,55.41,147.6,16.0,45.0,86.0,120.0,312.0
12071020201,1580,254702000.0,152.0,254.7,26.734510240208568,-81.86061285169225,158428546.6,0.622015322219692,158.43,152.0,36.0,108.0,220.0,318.0,895.0
12071020202,2625,423199000.0,152.6,423.2,26.748036715193017,-81.82795014733972,264759560.7,0.6256148069820581,264.76,152.6,59.0,177.0,362.0,527.0,1498.0
12071020301,402,64743500.0,151.4,64.74,26.70448766147097,-81.86252343173734,40035945.35,0.6183778348405632,40.04,151.4,10.0,29.0,57.0,81.0,226.0
12071020302,295,47679000.0,149.6,47.68,26.716975623966583,-81.87196732105635,28890237.0,0.6059321084754294,28.89,149.6,8.0,21.0,43.0,60.0,163.0
12071020400,1040,167661000.0,152.4,167.66,26.7000429946973,-81.82924321730025,104702280.9,0.6244879900513537,104.7,152.4,25.0,71.0,143.0,209.0,592.0
12071020501,227,36613000.0,149.2,36.61,26.69044841894286,-81.87742025903938,22122424.2,0.6042232048725862,22.12,149.2,6.0,18.0,34.0,47.0,125.0
12071020502,429,69108500.0,151.3,69.11,26.676261162457006,-81.86962199169815,42694527.65,0.6177898181844491,42.69,151.3,11.0,30.0,60.0,87.0,241.0
12071020600,472,76057000.0,145.7,76.06,26.669695146206767,-81.89161764468031,44208361.3,0.5812530247051553,44.21,145.7,14.0,38.0,72.0,99.0,247.0
12071020700,511,82428500.0,145.7,82.43,26.657826153565704,-81.90438163449569,47915242.25,0.5812946038081489,47.92,145.7,16.0,42.0,79.0,107.0,267.0
12071020801,213,34304000.0,145.5,34.3,26.69158742303016,-81.90786418880842,19910146.2,0.5804030492070895,19.91,145.5,6.0,18.0,32.0,44.0,111.0
12071020802,323,52099500.0,145.5,52.1,26.694953571254857,-81.89638034906852,30209920.35,0.5798504851294158,30.21,145.5,10.0,27.0,50.0,67.0,170.0
12071030100,5561,896721000.0,146.5,896.72,26.74351895172782,-81.74260066072856,526033677.0,0.5866191122991432,526.03,146.5,164.0,445.0,848.0,1159.0,2947.0
12071030201,707,113951000.0,146.5,113.95,26.69535927151882,-81.74711587417501,66878940.6,0.586909641863608,66.88,146.5,20.0,56.0,108.0,148.0,375.0
12071030202,782,125957500.0,148.5,125.96,26.707821284765654,-81.75559213320477,75585551.95,0.6000877434849057,75.59,148.5,21.0,60.0,116.0,163.0,426.0
12071030205,973,156875000.0,141.9,156.88,26.712033368610925,-81.69660493244,87163776.7,0.5556256682071713,87.16,141.9,35.0,88.0,159.0,207.0,484.0
12071030300,6950,1120587500.0,144.4,1120.59,26.732883051491427,-81.62204983829578,641731064.45,0.5726737666179571,641.73,144.4,222.0,588.0,1095.0,1462.0,3583.0
12071040108,493,79537000.0,148.4,79.54,26.536800983323243,-81.82824859480446,47614778.5,0.598649414737795,47.61,148.4,14.0,36.0,73.0,102.0,268.0
12071040109,340,54793000.0,142.7,54.79,26.606582331110758,-81.72699457842629,30759894.8,0.5613836584965233,30.76,142.7,11.0,30.0,54.0,72.0,172.0
12071040110,582,93709500.0,150.2,93.71,26.619861283868847,-81.79062869806077,57262213.65,0.611060923919133,57.26,150.2,15.0,43.0,84.0,118.0,323.0
12071040111,789,127183500.0,145.7,127.18,26.52657147420981,-81.80808808376685,73940408.55,0.5813679333404097,73.94,145.7,25.0,64.0,121.0,165.0,414.0
12071040113,1243,200354500.0,146.0,200.35,26.50736199850301,-81.82725213891864,116913058.05,0.5835309815851403,116.91,146.0,37.0,101.0,191.0,259.0,655.0
12071040117,780,125710000.0,149.3,125.71,26.55756305256073,-81.81425376650277,76063876.5,0.6050741905974067,76.06,149.3,19.0,57.0,112.0,161.0,429.0
12071040118,307,49455000.0,135.5,49.46,26.443742652630146,-81.76791705390211,25271376.6,0.5109974037003336,25.27,135.5,13.0,32.0,55.0,67.0,140.0
12071040120,261,42149000.0,138.3,42.15,26.54770565886215,-81.65145130223412,22349355.9,0.5302464091674772,22.35,138.3,11.0,27.0,45.0,56.0,123.0
12071040121,363,58520500.0,144.8,58.52,26.614936601459263,-81.74583338039581,33678160.9,0.5754933894959886,33.68,144.8,11.0,31.0,57.0,76.0,188.0
12071040122,361,58273000.0,142.7,58.27,26.594690515873793,-81.728178303792,32687229.500000004,0.5609326703619173,32.69,142.7,12.0,31.0,58.0,76.0,181.0
12071040123,3471,559727500.0,148.0,559.73,26.65568071243255,-81.762580750503,333824998.15,0.5964062836826849,333.82,148.0,96.0,266.0,516.0,718.0,1875.0
12071040124,558,90075500.0,144.8,90.08,26.627854603820897,-81.73212668306664,51793304.9,0.574998805446542,51.79,144.8,17.0,47.0,88.0,117.0,289.0
12071040125,287,46316000.0,143.2,46.32,26.620852402926264,-81.67026323093216,26133472.6,0.5642428663960618,26.13,143.2,10.0,25.0,45.0,60.0,146.0
12071040126,287,46316000.0,143.1,46.32,26.622601314401486,-81.70086487401056,26101902.8,0.5635612488125055,26.1,143.1,10.0,25.0,45.0,60.0,146.0
12071040127,899,144918000.0,143.0,144.92,26.643363016132767,-81.70480627525255,81611825.39999999,0.5631586510992422,81.61,143.0,30.0,80.0,144.0,190.0,455.0
12071040128,569,91653500.0,148.0,91.65,26.6015512810479,-81.77193385928477,54699852.64999999,0.5968113890904329,54.7,148.0,16.0,44.0,84.0,117.0,308.0
12071040129,313,50428000.0,147.2,50.43,26.578885690729,-81.7732570351135,29829059.9,0.5915178055841992,29.83,147.2,9.0,25.0,46.0,65.0,168.0
12071040130,363,58520500.0,145.3,58.52,26.575565999390044,-81.75772365419121,33874361.95,0.5788460787245495,33.87,145.3,11.0,30.0,56.0,76.0,189.0
12071040131,503,81065500.0,146.2,81.07,26.557263292689463,-81.77169347209896,47420178.7,0.5849612806927732,47.42,146.2,15.0,40.0,77.0,105.0,265.0
12071040132,269,43281500.0,149.6,43.28,26.59772731095208,-81.79051976157696,26295887.05,0.6075548918128993,26.3,149.6,7.0,19.0,39.0,55.0,149.0
12071040133,310,49982500.0,146.2,49.98,26.56790052686121,-81.78841730457316,29214878.5,0.5845021457510128,29.21,146.2,10.0,25.0,47.0,65.0,164.0
12071040134,129,20736500.0,149.6,20.74,26.604009728848997,-81.80744786540173,12601019.95,0.6076734236732332,12.6,149.6,3.0,10.0,19.0,26.0,70.0
12071040135,648,104297500.0,148.8,104.3,26.581435576880793,-81.8077506655748,62808342.900000006,0.6022037239627029,62.81,148.8,17.0,49.0,96.0,134.0,354.0
12071040136,380,61214000.0,143.2,61.21,26.58964466028032,-81.74836258424259,34588420.599999994,0.5650410134936451,34.59,143.2,12.0,32.0,62.0,81.0,193.0
12071040137,520,83902000.0,143.2,83.9,26.574850787201687,-81.73478210879465,47336014.4,0.5641821935114777,47.34,143.2,17.0,45.0,83.0,110.0,263.0
12071040138,17303,2789897500.0,136.2,2789.9,26.499345386715277,-81.67625774943289,1438139903.45,0.5154812689175857,1438.14,136.2,773.0,1812.0,3068.0,3736.0,7915.0
12071040139,407,65579000.0,139.3,65.58,26.46236855020076,-81.77098377952179,35281943.7,0.5380067353878527,35.28,139.3,17.0,39.0,70.0,88.0,195.0
12071040205,1297,209166500.0,143.5,209.17,26.66790066492305,-81.68173073585287,118484157.35,0.5664585741502584,118.48,143.5,43.0,113.0,208.0,273.0,661.0
12071040206,1687,272052000.0,141.9,272.05,26.682234341784568,-81.70248522746492,151147120.5,0.555581728860659,151.15,141.9,61.0,151.0,276.0,359.0,839.0
12071040207,758,122323500.0,139.3,122.32,26.620479193941883,-81.59031377870217,65719597.95,0.5372606077327742,65.72,139.3,29.0,73.0,128.0,163.0,363.0
12071040208,1618,261018500.0,143.9,261.02,26.681437988124497,-81.63308962725853,148553670.79999998,0.569130811800696,148.55,143.9,53.0,138.0,257.0,340.0,827.0
12071040209,2128,343167000.0,139.6,343.17,26.6585778388284,-81.57985733311435,185188064.7,0.5396441519726548,185.19,139.6,83.0,204.0,360.0,456.0,1025.0
12071040210,1365,220008000.0,142.5,220.01,26.65527708911868,-81.62859308867372,123175486.20000002,0.5598682147921895,123.18,142.5,48.0,120.0,221.0,290.0,686.0
12071040211,853,137612000.0,140.8,137.61,26.625330087211342,-81.61184990351343,75368132.6,0.5476857585094322,75.37,140.8,32.0,80.0,142.0,182.0,418.0
12071040212,1173,189123000.0,141.9,189.12,26.629660869578267,-81.64773433568365,105081834.9,0.5556269459558065,105.08,141.9,42.0,105.0,192.0,249.0,585.0
12071040301,763,123016500.0,142.9,123.02,26.60432616640234,-81.69646321647963,69207034.05,0.5625833449171452,69.21,142.9,26.0,68.0,123.0,161.0,386.0
12071040302,530,85430500.0,142.4,85.43,26.582089081643016,-81.69294319765226,47787807.45,0.5593764223550137,47.79,142.4,17.0,48.0,85.0,112.0,266.0
12071040303,785,126546000.0,141.0,126.55,26.587352519739618,-81.66939418816916,69523006.8,0.549389208667204,69.52,141.0,28.0,71.0,130.0,167.0,386.0
12071040304,470,75809500.0,142.0,75.81,26.598750326847604,-81.65663691225727,42149942.85,0.5559981644780667,42.15,142.0,17.0,42.0,76.0,100.0,235.0
12071040305,227,36613000.0,141.0,36.61,26.607570345255514,-81.63741045309125,20117294.9,0.5494577035479201,20.12,141.0,8.0,20.0,38.0,49.0,112.0
12071040308,1367,220398000.0,131.8,220.4,26.542819721499367,-81.5833515808731,106520196.0,0.4833083603299486,106.52,131.8,72.0,160.0,256.0,298.0,582.0
12071040310,742,119536500.0,138.4,119.54,26.560971481369272,-81.63928482005304,63525658.8,0.5314331505439761,63.53,138.4,29.0,74.0,128.0,159.0,352.0
12071040311,528,85183000.0,139.8,85.18,26.580063434977045,-81.63683453504552,46094770.6,0.5411264055034456,46.09,139.8,21.0,50.0,89.0,113.0,256.0
12071040312,548,88173500.0,135.3,88.17,26.543547532445487,-81.6173252490388,44935272.1,0.5096233233341083,44.94,135.3,25.0,58.0,99.0,117.0,247.0
12071040313,325,52347000.0,136.7,52.35,26.583094446573373,-81.60114289059653,27183500.1,0.5192943263224253,27.18,136.7,15.0,33.0,57.0,70.0,150.0
12071040314,1042,167908500.0,134.9,167.91,26.581254937250268,-81.5807237200609,85000079.85,0.5062285700247456,85.0,134.9,49.0,112.0,188.0,226.0,467.0
12071040315,554,89438000.0,138.4,89.44,26.57892770653334,-81.61428913601199,47464219.8,0.5306941098861782,47.46,138.4,24.0,55.0,95.0,120.0,262.0
12071040316,298,48124500.0,139.6,48.12,26.597096763303114,-81.62611266804716,25951336.95,0.5392541626406508,25.95,139.6,11.0,30.0,51.0,63.0,143.0
12071050103,353,56992000.0,144.6,56.99,26.462809493024704,-81.83876698622817,32667877.5,0.5732011071729366,32.67,144.6,11.0,30.0,55.0,75.0,182.0
12071050104,1340,216033000.0,144.3,216.03,26.44454406706122,-81.8519031011996,123588416.1,0.5720811917623696,123.59,144.3,43.0,113.0,211.0,282.0,690.0
12071050105,647,104248000.0,148.5,104.25,26.507241336843464,-81.86669987251153,62565503.2,0.6001602256158391,62.57,148.5,17.0,49.0,97.0,134.0,353.0
12071050106,972,156677000.0,147.3,156.68,26.482090852526774,-81.8628357258887,92730466.9,0.5918575598205225,92.73,147.3,27.0,75.0,147.0,201.0,520.0
12071050204,215,34694000.0,142.9,34.69,26.48191866574192,-81.79817464888201,19521097.2,0.562664933417882,19.52,142.9,7.0,19.0,35.0,45.0,108.0
12071050205,282,45337500.0,146.1,45.34,26.481438194060157,-81.83247601530985,26526150.3,0.5850818924731183,26.53,146.1,9.0,22.0,43.0,59.0,149.0
12071050206,139,22347000.0,144.6,22.35,26.47433732015199,-81.81303656893783,12837788.1,0.5744747885622231,12.84,144.6,4.0,12.0,22.0,29.0,73.0
12071050207,248,39801500.0,143.0,39.8,26.455813911894097,-81.8106727988664,22475432.45,0.5646880758262879,22.48,143.0,9.0,22.0,39.0,53.0,126.0
12071050208,303,48817500.0,144.6,48.82,26.483943737223317,-81.81783951067595,28045266.75,0.5744920725149792,28.05,144.6,10.0,26.0,48.0,64.0,157.0
12071050210,288,46514000.0,139.4,46.51,26.43843188563397,-81.79244110268769,25028192.9,0.5380787053360279,25.03,139.4,11.0,28.0,48.0,61.0,139.0
12071050211,163,26272500.0,139.4,26.27,26.445890028050286,-81.80182145684721,14149560.3,0.5385692377961747,14.15,139.4,6.0,16.0,28.0,35.0,78.0
12071050212,199,32050000.0,143.0,32.05,26.466204755122234,-81.81659202019696,18045286.0,0.5630354446177848,18.05,143.0,7.0,18.0,31.0,41.0,101.0
12071050213,279,44892000.0,141.2,44.89,26.46026720870509,-81.79541337608427,24751507.8,0.5513567628976209,24.75,141.2,11.0,26.0,46.0,59.0,139.0
12071050305,1118,180398500.0,132.9,180.4,26.35558055249948,-81.82779222831049,88593954.75,0.4911013935814322,88.59,132.9,57.0,128.0,206.0,242.0,484.0
12071050306,400,64496000.0,137.5,64.5,26.426572559868813,-81.79430928570878,33846784.4,0.5247888923344083,33.85,137.5,17.0,40.0,70.0,86.0,187.0
12071050311,1112,179222000.0,133.7,179.22,26.433564257885756,-81.74614581929806,89126425.0,0.4972962303735032,89.13,133.7,55.0,124.0,203.0,242.0,489.0
12071050312,12518,2018534500.0,125.5,2018.53,26.39756731697143,-81.6897356948576,879301667.8000001,0.4356138910680001,879.3,125.5,863.0,1696.0,2519.0,2698.0,4739.0
12071050315,337,54347500.0,133.6,54.35,26.404627402793675,-81.77865653122309,26978473.75,0.4964068954413727,26.98,133.6,17.0,38.0,62.0,73.0,148.0
12071050316,599,96546000.0,135.5,96.55,26.406535887376247,-81.79670263797817,49270332.6,0.510330128643341,49.27,135.5,28.0,64.0,108.0,131.0,271.0
12071050317,333,53710000.0,131.2,53.71,26.360671662728013,-81.80103496194545,25698261.6,0.4784632582386892,25.7,131.2,18.0,39.0,62.0,73.0,139.0
12071050318,906,146001000.0,131.6,146.0,26.37851259503297,-81.78886203516264,70360510.2,0.4819180019314936,70.36,131.6,49.0,107.0,170.0,197.0,385.0
12071050319,1191,192157500.0,141.0,192.16,26.415059088042568,-81.84279856726829,105527154.3,0.5491701042113891,105.53,141.0,43.0,110.0,197.0,254.0,586.0
12071050320,485,78174000.0,139.3,78.17,26.42307232449286,-81.82015883604215,42016412.7,0.537472979507253,42.02,139.3,18.0,47.0,83.0,103.0,233.0
12071050321,507,81703000.0,136.8,81.7,26.389400316327176,-81.83540367457589,42497320.4,0.5201439408589648,42.5,136.8,22.0,52.0,89.0,109.0,234.0
12071050322,422,68025500.0,135.2,68.03,26.378209499726538,-81.81805419978058,34559035.9,0.5080306046997082,34.56,135.2,19.0,46.0,75.0,92.0,190.0
12071050323,173,27883000.0,114.7,27.88,26.325060751237753,-81.66469820333708,9804871.8,0.3516433597532547,9.8,114.7,19.0,29.0,38.0,35.0,52.0
12071050324,537,86595500.0,119.7,86.6,26.324431828671504,-81.7273019550727,33829150.550000004,0.3906571421147751,33.83,119.7,47.0,82.0,114.0,113.0,180.0
12071050325,450,72588500.0,116.2,72.59,26.324619587595635,-81.68889095273886,26373709.9,0.36333179360367,26.37,116.2,44.0,74.0,97.0,93.0,139.0
12071050401,340,54793000.0,127.2,54.79,26.347703456306384,-81.78717840481495,24597767.5,0.448921714452576,24.6,127.2,23.0,45.0,67.0,74.0,132.0
12071050402,334,53908000.0,127.6,53.91,26.35351802489582,-81.76859974133875,24337131.8,0.4514567745047117,24.34,127.6,21.0,43.0,65.0,72.0,131.0
12071050501,205,32941000.0,125.4,32.94,26.337988023473166,-81.75978707659239,14365252.6,0.4360903615555083,14.37,125.4,13.0,27.0,40.0,44.0,78.0
12071050502,587,94688000.0,123.3,94.69,26.32599293174673,-81.7684024471824,39634172.8,0.4185765123352483,39.63,123.3,44.0,83.0,120.0,125.0,213.0
12071050601,378,60966500.0,128.3,60.97,26.329162943497234,-81.81852102161065,27872546.95,0.4571780723840141,27.87,128.3,23.0,47.0,74.0,82.0,150.0
12071050603,238,38421500.0,129.0,38.42,26.33619783941756,-81.79346289037963,17757683.2,0.462180893510144,17.76,129.0,13.0,31.0,47.0,51.0,96.0
12071050604,257,41505500.0,126.7,41.51,26.323883432152506,-81.79532684000058,18426238.9,0.4439469202876728,18.43,126.7,17.0,34.0,51.0,56.0,100.0
12071060101,191,30917500.0,148.4,30.92,26.461128291609345,-81.94856677286694,18471876.55,0.5974569919948249,18.47,148.4,5.0,14.0,27.0,39.0,102.0
12071060102,500,80620000.0,148.4,80.62,26.4504044713498,-81.94615293980706,48295450.0,0.5990504837509303,48.3,148.4,14.0,38.0,74.0,103.0,272.0
12071060201,262,42198500.0,145.0,42.2,26.415351674412456,-81.90378324166608,24338494.0,0.5767620650023105,24.34,145.0,9.0,21.0,40.0,54.0,137.0
12071060202,246,39554000.0,145.0,39.55,26.41294289638376,-81.89002545943106,22852805.8,0.577762193457046,22.85,145.0,7.0,20.0,38.0,51.0,129.0
12071060203,407,65579000.0,145.0,65.58,26.42681817642558,-81.8966746226458,37851517.6,0.5771896125284008,37.85,145.0,12.0,34.0,64.0,86.0,212.0
12071060300,1503,242305500.0,138.4,242.31,26.382106510817728,-81.8618250904364,128724975.0,0.5312507351256988,128.72,138.4,62.0,149.0,259.0,323.0,711.0
12071070101,6613,1066240000.0,127.5,1066.24,26.638904772211916,-82.16351059771682,480802836.8,0.4509330327130852,480.8,127.5,419.0,856.0,1303.0,1431.0,2602.0
12071070102,3657,589721500.0,144.5,589.72,26.659400740695798,-82.1155560296648,338080189.85,0.5732878822461112,338.08,144.5,116.0,309.0,575.0,768.0,1888.0
12071070201,2634,424760000.0,152.8,424.76,26.497724937967877,-82.0783409076245,266249531.9,0.6268234577172992,266.25,152.8,59.0,177.0,361.0,529.0,1507.0
12071070202,8848,1426465500.0,141.8,1426.47,26.558814196180535,-82.11714694497267,791713347.6,0.555017522400647,791.71,141.8,315.0,802.0,1450.0,1881.0,4400.0
12071080100,7395,1192483000.0,136.7,1192.48,26.61491118590232,-82.2134420539365,618962270.9,0.5190533289782747,618.96,136.7,324.0,764.0,1303.0,1594.0,3408.0
12071080202,1054,170058000.0,152.4,170.06,26.44229677177942,-82.04507343119131,106142118.6,0.6241524573968882,106.14,152.4,25.0,71.0,146.0,212.0,599.0
12071080203,837,134967500.0,152.7,134.97,26.435766874524074,-82.10798534516132,84514906.05,0.6261870898549651,84.51,152.7,18.0,56.0,116.0,168.0,478.0
12071080204,5339,860795000.0,149.9,860.8,26.469105250669543,-82.11264986768735,523974841.4,0.6087103682061351,523.97,149.9,137.0,389.0,770.0,1092.0,2952.0
12071080300,363,58520500.0,151.2,58.52,26.651829936899357,-81.86790452918805,36106160.7,0.6169831204449723,36.11,151.2,9.0,25.0,52.0,75.0,204.0
12071090100,2115,341050000.0,126.6,341.05,26.760993799161433,-82.24800912329748,151453973.9,0.4440814364462689,151.45,126.6,141.0,279.0,421.0,456.0,818.0
12071980000,2054,331298000.0,143.1,331.3,26.53157025422076,-81.75368575533402,186764900.6,0.5637368791842993,186.76,143.1,69.0,181.0,330.0,434.0,1041.0
12071990000,105482,17007785500.0,143.5,17007.79,26.536255311618667,-82.21190843142716,9636109519.75,0.5665704991252388,9636.11,143.5,3502.0,9134.0,16849.0,22276.0,53719.0
