tract_id,total_TIV,expected_loss,n_buildings,wind_mph,bldgs_DS0,bldgs_DS1,bldgs_DS2,bldgs_DS3,bldgs_DS4,MDR,loss_ratio,TIV_M,loss_M
12071000305,22792500.0,14206816.35,142,152.0,3.0,11.0,20.0,28.0,81.0,0.6233110167818361,0.6233110167818361,22.79,14.21
12071000306,21660000.0,13445836.8,134,151.9,3.0,9.0,19.0,27.0,76.0,0.6207680886426593,0.6207680886426593,21.66,13.45
12071000401,60131000.0,37166262.5,373,151.4,9.0,26.0,52.0,76.0,210.0,0.6180882157289918,0.6180882157289918,60.13,37.17
12071000402,46316000.0,28614867.200000003,287,151.4,6.0,19.0,40.0,58.0,162.0,0.617818188099145,0.617818188099145,46.32,28.61
12071000502,36860500.0,22895339.05,229,151.8,5.0,16.0,33.0,47.0,129.0,0.6211347933424668,0.6211347933424668,36.86,22.9
12071000503,39114500.0,24339125.45,243,151.9,6.0,18.0,35.0,49.0,138.0,0.6222532679696787,0.6222532679696787,39.11,24.34
12071000504,90075500.0,55930502.75,558,151.9,14.0,38.0,79.0,112.0,315.0,0.6209291399992228,0.6209291399992228,90.08,55.93
12071000600,59933000.0,37189184.6,372,151.8,9.0,26.0,52.0,75.0,210.0,0.620512649124856,0.620512649124856,59.93,37.19
12071000700,27635500.0,17012105.7,171,151.1,4.0,12.0,24.0,34.0,95.0,0.6155888512963398,0.6155888512963398,27.64,17.01
12071001001,32693500.0,19943047.1,203,150.0,5.0,14.0,28.0,42.0,112.0,0.6100003701041492,0.6100003701041492,32.69,19.94
12071001002,26520000.0,16132119.3,165,149.7,5.0,12.0,24.0,34.0,91.0,0.6083001244343892,0.6083001244343892,26.52,16.13
12071001101,34056500.0,20984349.9,211,151.1,5.0,14.0,29.0,43.0,119.0,0.6161628440973088,0.6161628440973088,34.06,20.98
12071001103,16569500.0,10222796.65,103,151.0,1.0,7.0,15.0,21.0,57.0,0.6169647032197713,0.6169647032197713,16.57,10.22
12071001104,16817000.0,10392299.5,105,151.0,1.0,7.0,15.0,21.0,59.0,0.6179639353035619,0.6179639353035619,16.82,10.39
12071001203,64298000.0,39781216.6,399,151.5,10.0,29.0,56.0,81.0,225.0,0.6187006843136645,0.6187006843136645,64.3,39.78
12071001204,112422500.0,69326010.9,697,151.2,16.0,49.0,99.0,141.0,390.0,0.6166560154773288,0.6166560154773288,112.42,69.33
12071001205,26712000.0,16488747.6,166,151.2,4.0,12.0,24.0,33.0,93.0,0.6172786612758311,0.6172786612758311,26.71,16.49
12071001206,65381000.0,39654772.9,406,149.5,11.0,30.0,59.0,83.0,224.0,0.6065182988941741,0.6065182988941741,65.38,39.65
12071001207,68223500.0,41646200.85,423,150.2,11.0,30.0,60.0,85.0,234.0,0.6104377648464239,0.6104377648464239,68.22,41.65
12071001208,106892500.0,65683246.75,663,150.8,16.0,47.0,95.0,134.0,370.0,0.6144794700282995,0.6144794700282995,106.89,65.68
12071001209,33578500.0,20657832.0,209,150.7,5.0,14.0,28.0,43.0,117.0,0.6152100897895975,0.6152100897895975,33.58,20.66
12071001300,76645000.0,47127645.1,475,150.9,11.0,34.0,67.0,97.0,266.0,0.6148821854002218,0.6148821854002218,76.64,47.13
12071001401,35975500.0,21957112.65,223,150.2,6.0,16.0,33.0,46.0,124.0,0.6103351628191408,0.6103351628191408,35.98,21.96
12071001402,33133000.0,20255933.7,206,150.2,5.0,14.0,28.0,42.0,115.0,0.61135223795008,0.61135223795008,33.13,20.26
12071001501,30390000.0,18352743.6,188,149.2,5.0,13.0,27.0,38.0,102.0,0.6039073247778876,0.6039073247778876,30.39,18.35
12071001502,24744000.0,15076972.2,153,150.3,5.0,11.0,22.0,31.0,85.0,0.6093183074684771,0.6093183074684771,24.74,15.08
12071001601,42396500.0,26000261.4,263,150.6,6.0,19.0,38.0,53.0,146.0,0.6132643354993926,0.6132643354993926,42.4,26.0
12071001602,67530500.0,41142915.25,418,150.1,11.0,30.0,60.0,85.0,232.0,0.6092493799098185,0.6092493799098185,67.53,41.14
12071001701,41703500.0,25164036.0,258,149.2,6.0,19.0,38.0,52.0,141.0,0.6034034553454746,0.6034034553454746,41.7,25.16
12071001705,39801500.0,24209393.35,248,149.6,6.0,18.0,36.0,51.0,137.0,0.6082532907051241,0.6082532907051241,39.8,24.21
12071001706,39114500.0,23419445.05,243,148.2,6.0,19.0,37.0,51.0,132.0,0.5987407495941403,0.5987407495941403,39.11,23.42
12071001708,28520500.0,17440241.05,177,150.3,5.0,12.0,26.0,35.0,97.0,0.611498432706299,0.611498432706299,28.52,17.44
12071001709,51406500.0,31338683.25,318,150.2,9.0,24.0,45.0,65.0,177.0,0.6096249161098305,0.6096249161098305,51.41,31.34
12071001710,19653500.0,11923721.7,122,149.7,3.0,9.0,17.0,24.0,67.0,0.6066971124736052,0.6066971124736052,19.65,11.92
12071001711,26910000.0,16344884.7,167,149.6,5.0,12.0,24.0,34.0,92.0,0.6073907357859532,0.6073907357859532,26.91,16.34
12071001801,74446500.0,44981418.0,462,149.2,11.0,35.0,67.0,95.0,254.0,0.6042113195381918,0.6042113195381918,74.45,44.98
12071001802,52099500.0,31135741.95,323,148.2,9.0,25.0,47.0,66.0,175.0,0.5976207439610745,0.5976207439610745,52.1,31.14
12071001908,212058000.0,127716633.0,1315,148.9,36.0,98.0,192.0,270.0,718.0,0.6022721755368814,0.6022721755368814,212.06,127.72
12071001910,16124000.0,9669689.0,100,148.5,2.0,7.0,15.0,21.0,54.0,0.5997078268419747,0.5997078268419747,16.12,9.67
12071001911,160355000.0,97368174.6,994,149.7,25.0,73.0,145.0,202.0,547.0,0.6072038576907486,0.6072038576907486,160.35,97.37
12071001912,31165000.0,18657978.1,193,148.5,5.0,14.0,27.0,39.0,104.0,0.59868371891545,0.59868371891545,31.16,18.66
12071001913,24942000.0,14867764.8,154,148.2,5.0,12.0,22.0,32.0,84.0,0.5960935289872504,0.5960935289872504,24.94,14.87
12071001916,44644500.0,26694880.05,277,148.2,8.0,20.0,41.0,57.0,150.0,0.5979433088062359,0.5979433088062359,44.64,26.69
12071001917,47487000.0,28080995.700000003,294,147.3,9.0,24.0,45.0,61.0,158.0,0.5913406974540402,0.5913406974540402,47.49,28.08
12071001918,25332000.0,15336139.500000002,156,149.7,5.0,11.0,22.0,31.0,85.0,0.6054057910942682,0.6054057910942682,25.33,15.34
12071001919,30192000.0,18150813.0,187,148.8,5.0,13.0,27.0,38.0,101.0,0.6011795508744038,0.6011795508744038,30.19,18.15
12071001920,78124500.0,47183913.0,484,149.2,13.0,35.0,72.0,99.0,266.0,0.6039579517308911,0.6039579517308911,78.12,47.18
12071001921,334239000.0,199127331.9,2073,147.9,58.0,159.0,310.0,429.0,1119.0,0.5957633067954368,0.5957633067954368,334.24,199.13
12071001922,34106000.0,20614681.2,212,149.2,5.0,16.0,31.0,43.0,116.0,0.6044297542954319,0.6044297542954319,34.11,20.61
12071001923,63803000.0,39317608.8,395,151.2,10.0,29.0,56.0,80.0,221.0,0.6162344842718994,0.6162344842718994,63.8,39.32
12071010104,43561500.0,28178453.55,270,156.2,5.0,16.0,35.0,54.0,160.0,0.6468660066802108,0.6468660066802108,43.56,28.18
12071010106,94688000.0,60891648.2,587,155.5,12.0,36.0,77.0,116.0,346.0,0.643076717218655,0.643076717218655,94.69,60.89
12071010107,66304500.0,42166193.1,411,154.3,9.0,26.0,56.0,82.0,239.0,0.6359476822840079,0.6359476822840079,66.3,42.17
12071010108,127661500.0,81989175.45,791,155.4,16.0,49.0,104.0,156.0,465.0,0.6422388539222867,0.6422388539222867,127.66,81.99
12071010109,121488000.0,78310837.2,753,155.8,15.0,46.0,99.0,149.0,446.0,0.6445973034373765,0.6445973034373765,121.49,78.31
12071010110,636142000.0,411144142.0,3946,156.0,78.0,242.0,512.0,774.0,2338.0,0.6463087518195623,0.6463087518195623,636.14,411.14
12071010111,148596000.0,95381016.0,921,155.3,18.0,58.0,121.0,182.0,541.0,0.6418814503755148,0.6418814503755148,148.6,95.38
12071010112,43561500.0,25474696.5,270,146.3,9.0,20.0,41.0,56.0,143.0,0.5847984229193209,0.5847984229193209,43.56,25.47
12071010113,848596500.0,533006213.7000001,5263,153.0,118.0,352.0,721.0,1054.0,3016.0,0.628103243060748,0.628103243060748,848.6,533.01
12071010203,157760000.0,94329274.0,979,148.2,26.0,75.0,145.0,202.0,530.0,0.5979289680527383,0.5979289680527383,157.76,94.33
12071010205,106645000.0,66840753.1,661,152.8,15.0,44.0,92.0,131.0,377.0,0.6267593708096957,0.6267593708096957,106.64,66.84
12071010206,141636000.0,88284042.0,879,152.2,19.0,60.0,122.0,177.0,500.0,0.623316402609506,0.623316402609506,141.64,88.28
12071010207,129437500.0,78476376.05,803,149.5,19.0,59.0,118.0,165.0,442.0,0.6062877917914051,0.6062877917914051,129.44,78.48
12071010208,94935500.0,56443765.3,589,147.7,16.0,45.0,88.0,122.0,317.0,0.5945485650783953,0.5945485650783953,94.94,56.44
12071010209,30917500.0,17509075.95,191,143.7,6.0,17.0,30.0,39.0,98.0,0.5663160329910245,0.5663160329910245,30.92,17.51
12071010210,78564000.0,45030915.6,487,144.5,16.0,42.0,77.0,103.0,251.0,0.5731749350847717,0.5731749350847717,78.56,45.03
12071010302,82428500.0,48080286.45,511,146.0,16.0,42.0,79.0,107.0,269.0,0.5832968748673093,0.5832968748673093,82.43,48.08
12071010303,60966500.0,36652752.3,378,148.7,11.0,29.0,56.0,79.0,208.0,0.6011949562464632,0.6011949562464632,60.97,36.65
12071010305,56942500.0,33233788.9,352,146.2,11.0,29.0,53.0,73.0,185.0,0.583637685384379,0.583637685384379,56.94,33.23
12071010306,75282000.0,46360354.8,467,151.0,11.0,33.0,65.0,96.0,262.0,0.6158225711325416,0.6158225711325416,75.28,46.36
12071010307,74397000.0,44701204.2,461,148.7,12.0,35.0,67.0,96.0,252.0,0.6008468647929351,0.6008468647929351,74.4,44.7
12071010308,55288000.0,32376120.4,344,146.2,11.0,28.0,52.0,70.0,181.0,0.5855903704239618,0.5855903704239618,55.29,32.38
12071010309,83654500.0,48863096.5,518,146.2,16.0,42.0,79.0,108.0,274.0,0.5841060134242629,0.5841060134242629,83.65,48.86
12071010404,114198500.0,71700951.5,709,152.9,16.0,47.0,96.0,142.0,406.0,0.6278624631672045,0.6278624631672045,114.2,71.7
12071010411,51654000.0,32284017.0,320,152.6,7.0,22.0,43.0,65.0,182.0,0.6250051690091765,0.6250051690091765,51.65,32.28
12071010412,47679000.0,29788154.1,295,152.6,6.0,19.0,41.0,59.0,167.0,0.624764657396338,0.624764657396338,47.68,29.79
12071010413,49257000.0,30349107.9,306,151.0,7.0,21.0,43.0,63.0,171.0,0.6161379682075644,0.6161379682075644,49.26,30.35
12071010414,31802500.0,19536041.95,197,150.9,5.0,14.0,27.0,41.0,111.0,0.6142926483767,0.6142926483767,31.8,19.54
12071010416,49455000.0,31605851.7,307,154.7,6.0,19.0,41.0,61.0,180.0,0.6390830391264786,0.6390830391264786,49.46,31.61
12071010417,44842500.0,28288075.2,278,153.4,6.0,18.0,38.0,56.0,160.0,0.630831804649607,0.630831804649607,44.84,28.29
12071010418,54545500.0,34524256.15,338,153.8,8.0,23.0,45.0,67.0,196.0,0.6329441686298595,0.6329441686298595,54.55,34.52
12071010419,74644500.0,47525486.7,463,154.4,10.0,30.0,62.0,92.0,269.0,0.636691071679762,0.636691071679762,74.64,47.53
12071010420,139140500.0,89341978.8,863,155.3,18.0,54.0,114.0,170.0,507.0,0.6420990207739659,0.6420990207739659,139.14,89.34
12071010421,82428500.0,52421013.9,511,154.3,11.0,33.0,68.0,103.0,298.0,0.635957392164118,0.635957392164118,82.43,52.42
12071010422,81703000.0,52290671.8,507,154.9,11.0,32.0,67.0,101.0,297.0,0.6400092016205036,0.6400092016205036,81.7,52.29
12071010423,324288500.0,207822316.45,2011,155.1,42.0,127.0,265.0,397.0,1179.0,0.6408562636356208,0.6408562636356208,324.29,207.82
12071010501,36223000.0,22286598.4,225,150.9,5.0,16.0,33.0,46.0,126.0,0.6152609778317643,0.6152609778317643,36.22,22.29
12071010503,35530000.0,21775983.9,220,150.7,5.0,16.0,32.0,45.0,124.0,0.6128900619195046,0.6128900619195046,35.53,21.78
12071010504,17009000.0,10465724.1,106,150.7,1.0,7.0,15.0,22.0,59.0,0.6153050796637074,0.6153050796637074,17.01,10.47
12071010601,45090000.0,27098741.4,280,148.6,7.0,20.0,41.0,57.0,152.0,0.6009922687957419,0.6009922687957419,45.09,27.1
12071010602,31165000.0,19016872.9,193,150.3,5.0,14.0,27.0,41.0,108.0,0.6101996759184982,0.6101996759184982,31.16,19.02
12071010801,74199000.0,46034925.3,460,151.8,11.0,32.0,64.0,93.0,261.0,0.620425144543727,0.620425144543727,74.2,46.03
12071010802,51901500.0,31710223.35,322,150.3,9.0,24.0,46.0,66.0,180.0,0.6109693043553655,0.6109693043553655,51.9,31.71
12071020102,84985000.0,51567811.1,527,149.6,14.0,39.0,76.0,107.0,290.0,0.6067872106842385,0.6067872106842385,84.98,51.57
12071020103,106199500.0,62338497.1,658,146.6,19.0,52.0,101.0,138.0,349.0,0.5869942617432286,0.5869942617432286,106.2,62.34
12071020104,93264000.0,55408925.1,579,147.6,16.0,45.0,86.0,120.0,312.0,0.5941083923057129,0.5941083923057129,93.26,55.41
12071020201,254702000.0,158428546.6,1580,152.0,36.0,108.0,220.0,318.0,895.0,0.622015322219692,0.622015322219692,254.7,158.43
12071020202,423199000.0,264759560.7,2625,152.6,59.0,177.0,362.0,527.0,1498.0,0.6256148069820581,0.6256148069820581,423.2,264.76
12071020301,64743500.0,40035945.35,402,151.4,10.0,29.0,57.0,81.0,226.0,0.6183778348405632,0.6183778348405632,64.74,40.04
12071020302,47679000.0,28890237.0,295,149.6,8.0,21.0,43.0,60.0,163.0,0.6059321084754294,0.6059321084754294,47.68,28.89
12071020400,167661000.0,104702280.9,1040,152.4,25.0,71.0,143.0,209.0,592.0,0.6244879900513537,0.6244879900513537,167.66,104.7
12071020501,36613000.0,22122424.2,227,149.2,6.0,18.0,34.0,47.0,125.0,0.6042232048725862,0.6042232048725862,36.61,22.12
12071020502,69108500.0,42694527.65,429,151.3,11.0,30.0,60.0,87.0,241.0,0.6177898181844491,0.6177898181844491,69.11,42.69
12071020600,76057000.0,44208361.3,472,145.7,14.0,38.0,72.0,99.0,247.0,0.5812530247051553,0.5812530247051553,76.06,44.21
12071020700,82428500.0,47915242.25,511,145.7,16.0,42.0,79.0,107.0,267.0,0.5812946038081489,0.5812946038081489,82.43,47.92
12071020801,34304000.0,19910146.2,213,145.5,6.0,18.0,32.0,44.0,111.0,0.5804030492070895,0.5804030492070895,34.3,19.91
12071020802,52099500.0,30209920.35,323,145.5,10.0,27.0,50.0,67.0,170.0,0.5798504851294158,0.5798504851294158,52.1,30.21
12071030100,896721000.0,526033677.0,5561,146.5,164.0,445.0,848.0,1159.0,2947.0,0.5866191122991432,0.5866191122991432,896.72,526.03
12071030201,113951000.0,66878940.6,707,146.5,20.0,56.0,108.0,148.0,375.0,0.586909641863608,0.586909641863608,113.95,66.88
12071030202,125957500.0,75585551.95,782,148.5,21.0,60.0,116.0,163.0,426.0,0.6000877434849057,0.6000877434849057,125.96,75.59
12071030205,156875000.0,87163776.7,973,141.9,35.0,88.0,159.0,207.0,484.0,0.5556256682071713,0.5556256682071713,156.88,87.16
12071030300,1120587500.0,641731064.45,6950,144.4,222.0,588.0,1095.0,1462.0,3583.0,0.5726737666179571,0.5726737666179571,1120.59,641.73
12071040108,79537000.0,47614778.5,493,148.4,14.0,36.0,73.0,102.0,268.0,0.598649414737795,0.598649414737795,79.54,47.61
12071040109,54793000.0,30759894.8,340,142.7,11.0,30.0,54.0,72.0,172.0,0.5613836584965233,0.5613836584965233,54.79,30.76
12071040110,93709500.0,57262213.65,582,150.2,15.0,43.0,84.0,118.0,323.0,0.611060923919133,0.611060923919133,93.71,57.26
12071040111,127183500.0,73940408.55,789,145.7,25.0,64.0,121.0,165.0,414.0,0.5813679333404097,0.5813679333404097,127.18,73.94
12071040113,200354500.0,116913058.05,1243,146.0,37.0,101.0,191.0,259.0,655.0,0.5835309815851403,0.5835309815851403,200.35,116.91
12071040117,125710000.0,76063876.5,780,149.3,19.0,57.0,112.0,161.0,429.0,0.6050741905974067,0.6050741905974067,125.71,76.06
12071040118,49455000.0,25271376.6,307,135.5,13.0,32.0,55.0,67.0,140.0,0.5109974037003336,0.5109974037003336,49.46,25.27
12071040120,42149000.0,22349355.9,261,138.3,11.0,27.0,45.0,56.0,123.0,0.5302464091674772,0.5302464091674772,42.15,22.35
12071040121,58520500.0,33678160.9,363,144.8,11.0,31.0,57.0,76.0,188.0,0.5754933894959886,0.5754933894959886,58.52,33.68
12071040122,58273000.0,32687229.500000004,361,142.7,12.0,31.0,58.0,76.0,181.0,0.5609326703619173,0.5609326703619173,58.27,32.69
12071040123,559727500.0,333824998.15,3471,148.0,96.0,266.0,516.0,718.0,1875.0,0.5964062836826849,0.5964062836826849,559.73,333.82
12071040124,90075500.0,51793304.9,558,144.8,17.0,47.0,88.0,117.0,289.0,0.574998805446542,0.574998805446542,90.08,51.79
12071040125,46316000.0,26133472.6,287,143.2,10.0,25.0,45.0,60.0,146.0,0.5642428663960618,0.5642428663960618,46.32,26.13
12071040126,46316000.0,26101902.8,287,143.1,10.0,25.0,45.0,60.0,146.0,0.5635612488125055,0.5635612488125055,46.32,26.1
12071040127,144918000.0,81611825.39999999,899,143.0,30.0,80.0,144.0,190.0,455.0,0.5631586510992422,0.5631586510992422,144.92,81.61
12071040128,91653500.0,54699852.64999999,569,148.0,16.0,44.0,84.0,117.0,308.0,0.5968113890904329,0.5968113890904329,91.65,54.7
12071040129,50428000.0,29829059.9,313,147.2,9.0,25.0,46.0,65.0,168.0,0.5915178055841992,0.5915178055841992,50.43,29.83
12071040130,58520500.0,33874361.95,363,145.3,11.0,30.0,56.0,76.0,189.0,0.5788460787245495,0.5788460787245495,58.52,33.87
12071040131,81065500.0,47420178.7,503,146.2,15.0,40.0,77.0,105.0,265.0,0.5849612806927732,0.5849612806927732,81.07,47.42
12071040132,43281500.0,26295887.05,269,149.6,7.0,19.0,39.0,55.0,149.0,0.6075548918128993,0.6075548918128993,43.28,26.3
12071040133,49982500.0,29214878.5,310,146.2,10.0,25.0,47.0,65.0,164.0,0.5845021457510128,0.5845021457510128,49.98,29.21
12071040134,20736500.0,12601019.95,129,149.6,3.0,10.0,19.0,26.0,70.0,0.6076734236732332,0.6076734236732332,20.74,12.6
12071040135,104297500.0,62808342.900000006,648,148.8,17.0,49.0,96.0,134.0,354.0,0.6022037239627029,0.6022037239627029,104.3,62.81
12071040136,61214000.0,34588420.599999994,380,143.2,12.0,32.0,62.0,81.0,193.0,0.5650410134936451,0.5650410134936451,61.21,34.59
12071040137,83902000.0,47336014.4,520,143.2,17.0,45.0,83.0,110.0,263.0,0.5641821935114777,0.5641821935114777,83.9,47.34
12071040138,2789897500.0,1438139903.45,17303,136.2,773.0,1812.0,3068.0,3736.0,7915.0,0.5154812689175857,0.5154812689175857,2789.9,1438.14
12071040139,65579000.0,35281943.7,407,139.3,17.0,39.0,70.0,88.0,195.0,0.5380067353878527,0.5380067353878527,65.58,35.28
12071040205,209166500.0,118484157.35,1297,143.5,43.0,113.0,208.0,273.0,661.0,0.5664585741502584,0.5664585741502584,209.17,118.48
12071040206,272052000.0,151147120.5,1687,141.9,61.0,151.0,276.0,359.0,839.0,0.555581728860659,0.555581728860659,272.05,151.15
12071040207,122323500.0,65719597.95,758,139.3,29.0,73.0,128.0,163.0,363.0,0.5372606077327742,0.5372606077327742,122.32,65.72
12071040208,261018500.0,148553670.79999998,1618,143.9,53.0,138.0,257.0,340.0,827.0,0.569130811800696,0.569130811800696,261.02,148.55
12071040209,343167000.0,185188064.7,2128,139.6,83.0,204.0,360.0,456.0,1025.0,0.5396441519726548,0.5396441519726548,343.17,185.19
12071040210,220008000.0,123175486.20000002,1365,142.5,48.0,120.0,221.0,290.0,686.0,0.5598682147921895,0.5598682147921895,220.01,123.18
12071040211,137612000.0,75368132.6,853,140.8,32.0,80.0,142.0,182.0,418.0,0.5476857585094322,0.5476857585094322,137.61,75.37
12071040212,189123000.0,105081834.9,1173,141.9,42.0,105.0,192.0,249.0,585.0,0.5556269459558065,0.5556269459558065,189.12,105.08
12071040301,123016500.0,69207034.05,763,142.9,26.0,68.0,123.0,161.0,386.0,0.5625833449171452,0.5625833449171452,123.02,69.21
12071040302,85430500.0,47787807.45,530,142.4,17.0,48.0,85.0,112.0,266.0,0.5593764223550137,0.5593764223550137,85.43,47.79
12071040303,126546000.0,69523006.8,785,141.0,28.0,71.0,130.0,167.0,386.0,0.549389208667204,0.549389208667204,126.55,69.52
12071040304,75809500.0,42149942.85,470,142.0,17.0,42.0,76.0,100.0,235.0,0.5559981644780667,0.5559981644780667,75.81,42.15
12071040305,36613000.0,20117294.9,227,141.0,8.0,20.0,38.0,49.0,112.0,0.5494577035479201,0.5494577035479201,36.61,20.12
12071040308,220398000.0,106520196.0,1367,131.8,72.0,160.0,256.0,298.0,582.0,0.4833083603299486,0.4833083603299486,220.4,106.52
12071040310,119536500.0,63525658.8,742,138.4,29.0,74.0,128.0,159.0,352.0,0.5314331505439761,0.5314331505439761,119.54,63.53
12071040311,85183000.0,46094770.6,528,139.8,21.0,50.0,89.0,113.0,256.0,0.5411264055034456,0.5411264055034456,85.18,46.09
12071040312,88173500.0,44935272.1,548,135.3,25.0,58.0,99.0,117.0,247.0,0.5096233233341083,0.5096233233341083,88.17,44.94
12071040313,52347000.0,27183500.1,325,136.7,15.0,33.0,57.0,70.0,150.0,0.5192943263224253,0.5192943263224253,52.35,27.18
12071040314,167908500.0,85000079.85,1042,134.9,49.0,112.0,188.0,226.0,467.0,0.5062285700247456,0.5062285700247456,167.91,85.0
12071040315,89438000.0,47464219.8,554,138.4,24.0,55.0,95.0,120.0,262.0,0.5306941098861782,0.5306941098861782,89.44,47.46
12071040316,48124500.0,25951336.95,298,139.6,11.0,30.0,51.0,63.0,143.0,0.5392541626406508,0.5392541626406508,48.12,25.95
12071050103,56992000.0,32667877.5,353,144.6,11.0,30.0,55.0,75.0,182.0,0.5732011071729366,0.5732011071729366,56.99,32.67
12071050104,216033000.0,123588416.1,1340,144.3,43.0,113.0,211.0,282.0,690.0,0.5720811917623696,0.5720811917623696,216.03,123.59
12071050105,104248000.0,62565503.2,647,148.5,17.0,49.0,97.0,134.0,353.0,0.6001602256158391,0.6001602256158391,104.25,62.57
12071050106,156677000.0,92730466.9,972,147.3,27.0,75.0,147.0,201.0,520.0,0.5918575598205225,0.5918575598205225,156.68,92.73
12071050204,34694000.0,19521097.2,215,142.9,7.0,19.0,35.0,45.0,108.0,0.562664933417882,0.562664933417882,34.69,19.52
12071050205,45337500.0,26526150.3,282,146.1,9.0,22.0,43.0,59.0,149.0,0.5850818924731183,0.5850818924731183,45.34,26.53
12071050206,22347000.0,12837788.1,139,144.6,4.0,12.0,22.0,29.0,73.0,0.5744747885622231,0.5744747885622231,22.35,12.84
12071050207,39801500.0,22475432.45,248,143.0,9.0,22.0,39.0,53.0,126.0,0.5646880758262879,0.5646880758262879,39.8,22.48
12071050208,48817500.0,28045266.75,303,144.6,10.0,26.0,48.0,64.0,157.0,0.5744920725149792,0.5744920725149792,48.82,28.05
12071050210,46514000.0,25028192.9,288,139.4,11.0,28.0,48.0,61.0,139.0,0.5380787053360279,0.5380787053360279,46.51,25.03
12071050211,26272500.0,14149560.3,163,139.4,6.0,16.0,28.0,35.0,78.0,0.5385692377961747,0.5385692377961747,26.27,14.15
12071050212,32050000.0,18045286.0,199,143.0,7.0,18.0,31.0,41.0,101.0,0.5630354446177848,0.5630354446177848,32.05,18.05
12071050213,44892000.0,24751507.8,279,141.2,11.0,26.0,46.0,59.0,139.0,0.5513567628976209,0.5513567628976209,44.89,24.75
12071050305,180398500.0,88593954.75,1118,132.9,57.0,128.0,206.0,242.0,484.0,0.4911013935814322,0.4911013935814322,180.4,88.59
12071050306,64496000.0,33846784.4,400,137.5,17.0,40.0,70.0,86.0,187.0,0.5247888923344083,0.5247888923344083,64.5,33.85
12071050311,179222000.0,89126425.0,1112,133.7,55.0,124.0,203.0,242.0,489.0,0.4972962303735032,0.4972962303735032,179.22,89.13
12071050312,2018534500.0,879301667.8000001,12518,125.5,863.0,1696.0,2519.0,2698.0,4739.0,0.4356138910680001,0.4356138910680001,2018.53,879.3
12071050315,54347500.0,26978473.75,337,133.6,17.0,38.0,62.0,73.0,148.0,0.4964068954413727,0.4964068954413727,54.35,26.98
12071050316,96546000.0,49270332.6,599,135.5,28.0,64.0,108.0,131.0,271.0,0.510330128643341,0.510330128643341,96.55,49.27
12071050317,53710000.0,25698261.6,333,131.2,18.0,39.0,62.0,73.0,139.0,0.4784632582386892,0.4784632582386892,53.71,25.7
12071050318,146001000.0,70360510.2,906,131.6,49.0,107.0,170.0,197.0,385.0,0.4819180019314936,0.4819180019314936,146.0,70.36
12071050319,192157500.0,105527154.3,1191,141.0,43.0,110.0,197.0,254.0,586.0,0.5491701042113891,0.5491701042113891,192.16,105.53
12071050320,78174000.0,42016412.7,485,139.3,18.0,47.0,83.0,103.0,233.0,0.537472979507253,0.537472979507253,78.17,42.02
12071050321,81703000.0,42497320.4,507,136.8,22.0,52.0,89.0,109.0,234.0,0.5201439408589648,0.5201439408589648,81.7,42.5
12071050322,68025500.0,34559035.9,422,135.2,19.0,46.0,75.0,92.0,190.0,0.5080306046997082,0.5080306046997082,68.03,34.56
12071050323,27883000.0,9804871.8,173,114.7,19.0,29.0,38.0,35.0,52.0,0.3516433597532547,0.3516433597532547,27.88,9.8
12071050324,86595500.0,33829150.550000004,537,119.7,47.0,82.0,114.0,113.0,180.0,0.3906571421147751,0.3906571421147751,86.6,33.83
12071050325,72588500.0,26373709.9,450,116.2,44.0,74.0,97.0,93.0,139.0,0.36333179360367,0.36333179360367,72.59,26.37
12071050401,54793000.0,24597767.5,340,127.2,23.0,45.0,67.0,74.0,132.0,0.448921714452576,0.448921714452576,54.79,24.6
12071050402,53908000.0,24337131.8,334,127.6,21.0,43.0,65.0,72.0,131.0,0.4514567745047117,0.4514567745047117,53.91,24.34
12071050501,32941000.0,14365252.6,205,125.4,13.0,27.0,40.0,44.0,78.0,0.4360903615555083,0.4360903615555083,32.94,14.37
12071050502,94688000.0,39634172.8,587,123.3,44.0,83.0,120.0,125.0,213.0,0.4185765123352483,0.4185765123352483,94.69,39.63
12071050601,60966500.0,27872546.95,378,128.3,23.0,47.0,74.0,82.0,150.0,0.4571780723840141,0.4571780723840141,60.97,27.87
12071050603,38421500.0,17757683.2,238,129.0,13.0,31.0,47.0,51.0,96.0,0.462180893510144,0.462180893510144,38.42,17.76
12071050604,41505500.0,18426238.9,257,126.7,17.0,34.0,51.0,56.0,100.0,0.4439469202876728,0.4439469202876728,41.51,18.43
12071060202,39554000.0,22852805.8,246,145.0,7.0,20.0,38.0,51.0,129.0,0.577762193457046,0.577762193457046,39.55,22.85
12071070102,589721500.0,338080189.85,3657,144.5,116.0,309.0,575.0,768.0,1888.0,0.5732878822461112,0.5732878822461112,589.72,338.08
12071080202,170058000.0,106142118.6,1054,152.4,25.0,71.0,146.0,212.0,599.0,0.6241524573968882,0.6241524573968882,170.06,106.14
12071080203,134967500.0,84514906.05,837,152.7,18.0,56.0,116.0,168.0,478.0,0.6261870898549651,0.6261870898549651,134.97,84.51
12071980000,331298000.0,186764900.6,2054,143.1,69.0,181.0,330.0,434.0,1041.0,0.5637368791842993,0.5637368791842993,331.3,186.76
